run_id,scene,tex,dyn,sensor,filter,rep,exit,wall_s,T,n_tracked,C,ate,rpe,n_lost,resets,track_ms,ns_mean,ninl_mean,N_mean,depth_frac,TP,FP,FN,TN,ran_frac,P,R,FRR
s1_L0_D1_rgbd_none_r3,1,0,1,rgbd,none,3,0,33.3,450,450,1.0,0.013239081853287532,0.016105498937724748,0,0,63.313,361.2422222222222,367.4711111111111,1002.6044444444444,1.0,0,0,26179,424993,0.0,,0.0,0.0
s1_L0_D1_rgbd_flow_r2,1,0,1,rgbd,flow,2,0,38.4,450,450,1.0,0.010739544005971505,0.013443825726577943,0,0,76.397,354.4222222222222,359.74,1002.4555555555555,1.0,4338,2786,21774,422207,0.9977777777777778,0.6089275687815834,0.16613051470588236,0.006555402088975583
s1_L0_D1_stereo_flow_r1,1,0,1,stereo,flow,1,0,55.6,450,450,1.0,0.011287530877223634,0.014483312143857906,0,0,113.816,372.62666666666667,382.1022222222222,1002.4533333333334,0.5291425242136601,4601,3119,21497,421887,0.9977777777777778,0.5959844559585492,0.1762970342554985,0.0073387199239540145
s1_L0_D1_rgbd_flow_r3,1,0,1,rgbd,flow,3,0,37.4,450,450,1.0,0.01048826698316056,0.014628105540360153,0,0,73.424,347.8333333333333,353.76,1002.5177777777777,1.0,4413,2776,21694,422250,0.9977777777777778,0.6138544999304493,0.1690351246792048,0.006531365140014964
s1_L0_D1_rgbd_geom_r1,1,0,1,rgbd,geom,1,0,46.5,450,450,1.0,0.009689487406498788,0.01430654391543794,0,0,94.561,354.31333333333333,357.9111111111111,1002.4444444444445,1.0,13591,19683,12578,405248,0.9977777777777778,0.40845705355532846,0.5193549619779128,0.046320461439621964
s1_L0_D1_rgbd_flow_r0,1,0,1,rgbd,flow,0,0,37.4,450,450,1.0,0.011803049518251828,0.015327329179577907,0,0,74.755,352.38,357.9822222222222,1002.52,1.0,4241,2807,21877,422209,0.9977777777777778,0.6017309875141884,0.162378436327437,0.00660445724396258
s1_L0_D1_stereo_none_r0,1,0,1,stereo,none,0,0,49.5,450,450,1.0,0.00897711462375386,0.012685310697786079,0,0,100.994,363.26,374.76666666666665,1002.5022222222223,0.5291777126071169,0,0,26116,425010,0.0,,0.0,0.0
s1_L0_D1_rgbd_none_r1,1,0,1,rgbd,none,1,0,34.3,450,450,1.0,0.011735719479602155,0.013702847732405177,0,0,66.587,356.7733333333333,363.02,1002.4422222222222,1.0,0,0,26124,424975,0.0,,0.0,0.0
s1_L0_D1_stereo_geom_r0,1,0,1,stereo,geom,0,0,62.7,450,450,1.0,0.009852241317249736,0.014115896209125386,0,0,126.857,287.4688888888889,299.31555555555553,1002.3755555555556,0.529183575223095,3666,87097,22416,337890,0.9977777777777778,0.040390908189460464,0.14055670577409707,0.20494038641181966
s1_L0_D1_rgbd_geom_r2,1,0,1,rgbd,geom,2,0,55.4,450,450,1.0,0.010310337261821078,0.015915460542544245,0,0,112.545,353.08,356.56444444444446,1002.4111111111112,1.0,13918,21720,12178,403269,0.9977777777777778,0.3905381895729278,0.5333384426732066,0.05110720512766213
s1_L0_D1_stereo_geom_r4,1,0,1,stereo,geom,4,0,65.7,450,450,1.0,0.011300908089532545,0.015850081452306427,0,0,133.075,287.38666666666666,298.9711111111111,1002.5844444444444,0.5292817953519405,3970,87574,22159,337460,0.9977777777777778,0.043367124005942496,0.15193845918328294,0.20603998738924414
s1_L0_D1_rgbd_flow_r4,1,0,1,rgbd,flow,4,0,43.5,450,450,1.0,0.010436223518141554,0.013181927112576238,0,0,87.617,365.0022222222222,370.3888888888889,1002.4511111111111,1.0,4345,2907,21769,422082,0.9977777777777778,0.5991450634307777,0.16638584667228307,0.0068401770398763264
s1_L0_D1_stereo_none_r2,1,0,1,stereo,none,2,0,60.5,450,450,1.0,0.008070532026264085,0.011625017730977728,0,0,124.038,376.4888888888889,387.5022222222222,1002.48,0.5291323300779638,0,0,26135,424981,0.0,,0.0,0.0
s1_L0_D1_stereo_geom_r1,1,0,1,stereo,geom,1,0,65.8,450,450,1.0,0.011332062320414551,0.015120824018919643,0,0,136.388,291.3888888888889,303.11555555555555,1002.5888888888888,0.5290159958300868,4030,87400,22100,337635,0.9977777777777778,0.04407743629005797,0.15422885572139303,0.20563012457797594
s1_L0_D1_stereo_flow_r0,1,0,1,stereo,flow,0,0,64.7,450,450,1.0,0.010209399637067924,0.013477507342831065,0,0,133.013,371.5933333333333,381.02666666666664,1002.4488888888889,0.5291396386001125,4467,2755,21660,422220,0.9977777777777778,0.6185267238991969,0.1709725571248134,0.00648273427848697
s1_L0_D1_stereo_none_r3,1,0,1,stereo,none,3,0,58.6,450,450,1.0,0.010451948795775623,0.014685685043230654,0,0,118.859,372.7688888888889,384.14666666666665,1002.38,0.5291334932867581,0,0,26139,424932,0.0,,0.0,0.0
s1_L0_D1_stereo_none_r4,1,0,1,stereo,none,4,0,58.5,450,450,1.0,0.010486607060558569,0.014431502012832522,0,0,119.7,362.06,373.6688888888889,1002.5466666666666,0.5289672980276429,0,0,26106,425040,0.0,,0.0,0.0
s1_L0_D1_rgbd_geom_r3,1,0,1,rgbd,geom,3,0,58.6,450,450,1.0,0.008981991470147006,0.010974194578789074,0,0,119.241,357.87555555555554,361.3088888888889,1002.5488888888889,1.0,14318,21547,11820,403462,0.9977777777777778,0.39921929457688554,0.5477848343408065,0.05069774993000148
s1_L0_D1_stereo_none_r1,1,0,1,stereo,none,1,0,58.7,450,450,1.0,0.011151600910426005,0.01371141669227434,0,0,120.073,372.84,384.11555555555555,1002.4866666666667,0.5291925738952762,0,0,26135,424984,0.0,,0.0,0.0
s1_L0_D1_stereo_flow_r2,1,0,1,stereo,flow,2,0,65.6,450,450,1.0,0.010739262742126662,0.014195620697444964,0,0,134.997,371.24888888888887,380.8066666666667,1002.4977777777777,0.5290449182500223,4362,3140,21788,421834,0.9977777777777778,0.5814449480138629,0.16680688336520078,0.0073886873079294264
s1_L0_D1_stereo_geom_r2,1,0,1,stereo,geom,2,0,65.7,450,450,1.0,0.011203854463093812,0.014841103572178597,0,0,135.253,295.78,307.49333333333334,1002.4511111111111,0.5290630390024236,4089,88743,22025,336246,0.9977777777777778,0.044047311271975184,0.15658267595925557,0.20881246338140516
s1_L0_D1_rgbd_none_r0,1,0,1,rgbd,none,0,0,38.4,450,450,1.0,0.01110381951536001,0.013681452083879284,0,0,74.623,359.21777777777777,365.8177777777778,1002.5066666666667,1.0,0,0,26167,424961,0.0,,0.0,0.0
s1_L0_D1_rgbd_geom_r4,1,0,1,rgbd,geom,4,0,55.7,450,450,1.0,0.011362165846618769,0.013404231884721896,0,0,114.251,349.1,352.41555555555556,1002.5488888888889,1.0,13882,21809,12274,403182,0.9977777777777778,0.38894959513602867,0.5307386450527604,0.05131638081747614
s1_L0_D1_stereo_flow_r4,1,0,1,stereo,flow,4,0,65.6,450,450,1.0,0.008464688464790884,0.013053064449498426,0,0,135.696,372.2311111111111,381.7311111111111,1002.5066666666667,0.529224458154811,4055,2929,22083,422061,0.9977777777777778,0.5806128293241696,0.1551381130920499,0.006891926868867503
s1_L0_D1_rgbd_geom_r0,1,0,1,rgbd,geom,0,0,56.5,450,450,1.0,0.011959908981486066,0.014830588361000348,0,0,115.955,354.3888888888889,357.76222222222225,1002.5511111111111,1.0,14179,18405,11967,406597,0.9977777777777778,0.43515222194942305,0.5423009255717892,0.04330567856151265
s1_L0_D1_rgbd_none_r2,1,0,1,rgbd,none,2,0,36.3,450,450,1.0,0.010664230042939475,0.01321077391678751,0,0,70.362,351.5488888888889,357.84,1002.5711111111111,1.0,0,0,26135,425022,0.0,,0.0,0.0
s1_L0_D1_stereo_geom_r3,1,0,1,stereo,geom,3,0,67.7,450,450,1.0,0.009201324492726058,0.012186967006414947,0,0,139.427,286.18666666666667,298.1377777777778,1002.4911111111111,0.5292752879033493,4165,91917,21962,333077,0.9977777777777778,0.043348389916945944,0.15941363340605505,0.21627834745902294
s1_L0_D1_rgbd_none_r4,1,0,1,rgbd,none,4,0,38.1,450,450,1.0,0.008910693605741316,0.01369070610989258,0,0,73.43,356.00444444444446,362.40222222222224,1002.5377777777778,1.0,0,0,26152,424990,0.0,,0.0,0.0
s1_L0_D1_rgbd_flow_r1,1,0,1,rgbd,flow,1,0,45.4,450,450,1.0,0.01042651495776977,0.011676618037668193,0,0,89.281,363.3066666666667,368.4577777777778,1002.4888888888889,1.0,4341,2785,21800,422194,0.9977777777777778,0.6091776592758911,0.16606097700929573,0.006553264984858075
s1_L0_D1_stereo_flow_r3,1,0,1,stereo,flow,3,0,61.7,450,450,1.0,0.008531877304537366,0.014124361300062001,0,0,126.387,368.91555555555556,377.7711111111111,1002.5555555555555,0.5292356894678193,4667,2682,21433,422368,0.9977777777777778,0.6350523880800109,0.17881226053639845,0.006309845900482296
s1_L0_D0_rgbd_none_r1,1,0,0,rgbd,none,1,0,37.2,450,450,1.0,0.00849126229722678,0.011762555308263709,0,0,72.907,393.3222222222222,393.3222222222222,1002.34,1.0,0,0,0,451053,0.0,,,0.0
s1_L0_D0_rgbd_geom_r2,1,0,0,rgbd,geom,2,0,56.4,450,450,1.0,0.008406074278708668,0.013597337789527087,0,0,115.841,385.84,385.84,1002.46,1.0,0,23380,0,427727,0.9977777777777778,0.0,,0.0518280585315679
s1_L0_D0_rgbd_geom_r4,1,0,0,rgbd,geom,4,0,57.6,450,450,1.0,0.010440673790396865,0.013332974393989148,0,0,116.67,386.11555555555555,386.11555555555555,1002.5288888888889,1.0,0,21638,0,429500,0.9977777777777778,0.0,,0.047963150964893224
s1_L0_D0_stereo_none_r1,1,0,0,stereo,none,1,0,56.5,450,450,1.0,0.011535897472076964,0.016570230586324657,0,0,116.002,408.91777777777776,408.91777777777776,1002.58,0.5331206630728654,0,0,0,451161,0.0,,,0.0
s1_L0_D0_stereo_geom_r2,1,0,0,stereo,geom,2,0,61.5,450,450,1.0,0.008303209493358766,0.012359409181744394,0,0,127.125,300.6977777777778,300.6977777777778,1002.4266666666666,0.5335523278959723,0,101372,0,349720,0.9977777777777778,0.0,,0.2247257765599922
s1_L0_D0_stereo_flow_r2,1,0,0,stereo,flow,2,0,61.5,450,450,1.0,0.010254348357093221,0.013698373241441832,0,0,126.385,411.7111111111111,411.7111111111111,1002.4155555555556,0.5335404426803939,0,1028,0,450059,0.9977777777777778,0.0,,0.0022789395393793214
s1_L0_D0_rgbd_flow_r2,1,0,0,rgbd,flow,2,0,45.6,450,450,1.0,0.011933575702912182,0.013197441718911278,0,0,88.639,394.70444444444445,394.70444444444445,1002.38,1.0,0,928,0,450143,0.9977777777777778,0.0,,0.0020573257868495205
s1_L0_D0_stereo_none_r2,1,0,0,stereo,none,2,0,57.4,450,450,1.0,0.009367777364718654,0.01282092701810269,0,0,115.565,403.9088888888889,403.9088888888889,1002.3222222222222,0.533453198874026,0,0,0,451045,0.0,,,0.0
s1_L0_D0_stereo_flow_r0,1,0,0,stereo,flow,0,0,61.7,450,450,1.0,0.00862983370054303,0.012427095920598022,0,0,126.026,403.3088888888889,403.3088888888889,1002.5155555555556,0.5333595383572787,0,1078,0,450054,0.9977777777777778,0.0,,0.0023895445235540816
s1_L0_D0_stereo_none_r0,1,0,0,stereo,none,0,0,56.5,450,450,1.0,0.009407182777577018,0.013658557556118873,0,0,115.052,413.7111111111111,413.7111111111111,1002.3977777777778,0.53352265464588,0,0,0,451079,0.0,,,0.0
s1_L0_D0_rgbd_none_r2,1,0,0,rgbd,none,2,0,36.4,450,450,1.0,0.007810263906006899,0.011289806792115888,0,0,71.595,393.08222222222224,393.08222222222224,1002.46,1.0,0,0,0,451107,0.0,,,0.0
s1_L0_D0_stereo_flow_r4,1,0,0,stereo,flow,4,0,58.8,450,450,1.0,0.009273761122213058,0.013346120776068829,0,0,119.534,394.32666666666665,394.32666666666665,1002.4244444444445,0.5336912050395642,0,1109,0,449982,0.9977777777777778,0.0,,0.002458483986601373
s1_L0_D0_rgbd_geom_r0,1,0,0,rgbd,geom,0,0,57.6,450,450,1.0,0.008765768484585606,0.013414768925120309,0,0,115.23,389.9822222222222,389.9822222222222,1002.48,1.0,0,21109,0,430007,0.9977777777777778,0.0,,0.046792842639143815
s1_L0_D0_rgbd_none_r4,1,0,0,rgbd,none,4,0,37.4,450,450,1.0,0.00956238906059172,0.012934254926693915,0,0,72.974,392.17555555555555,392.17555555555555,1002.4844444444444,1.0,0,0,0,451118,0.0,,,0.0
s1_L0_D0_stereo_flow_r1,1,0,0,stereo,flow,1,0,60.8,450,450,1.0,0.010059016359190246,0.013288795528880841,0,0,124.891,400.0711111111111,400.0711111111111,1002.4355555555555,0.5335960900572968,0,1164,0,449932,0.9977777777777778,0.0,,0.002580382002943941
s1_L0_D0_stereo_none_r4,1,0,0,stereo,none,4,0,56.5,450,450,1.0,0.008382355515099001,0.01254613181990263,0,0,115.575,410.5177777777778,410.5177777777778,1002.3822222222223,0.5334161353459304,0,0,0,451072,0.0,,,0.0
s1_L0_D0_rgbd_none_r3,1,0,0,rgbd,none,3,0,37.4,450,450,1.0,0.009608256538365945,0.011463096492560531,0,0,73.073,394.98,394.98,1002.4022222222222,1.0,0,0,0,451081,0.0,,,0.0
s1_L0_D0_stereo_geom_r3,1,0,0,stereo,geom,3,0,61.4,450,450,1.0,0.00947355722580766,0.011771092640951978,0,0,125.004,296.6355555555556,296.6355555555556,1002.4533333333334,0.533395964856514,0,100380,0,350724,0.9977777777777778,0.0,,0.22252074909555225
s1_L0_D0_rgbd_flow_r0,1,0,0,rgbd,flow,0,0,44.3,450,450,1.0,0.008748493739051292,0.011889079599342331,0,0,88.929,398.61333333333334,398.61333333333334,1002.4,1.0,0,1326,0,449754,0.9977777777777778,0.0,,0.002939611598829476
s1_L0_D0_stereo_geom_r4,1,0,0,stereo,geom,4,0,61.5,450,450,1.0,0.011638461526882717,0.014617168447288276,0,0,126.187,298.47777777777776,298.47777777777776,1002.4866666666667,0.5333877473805115,0,97132,0,353987,0.9977777777777778,0.0,,0.21531347604512335
s1_L0_D0_stereo_none_r3,1,0,0,stereo,none,3,0,55.4,450,450,1.0,0.012337083264558405,0.014960665673584879,0,0,114.031,398.32,398.32,1002.4755555555555,0.5334500434297054,0,0,0,451114,0.0,,,0.0
s1_L0_D0_rgbd_flow_r3,1,0,0,rgbd,flow,3,0,44.4,450,450,1.0,0.00923626621306705,0.013703114351886264,0,0,87.88,400.2,400.2,1002.5644444444445,1.0,0,1249,0,449905,0.9977777777777778,0.0,,0.0027684560039365714
s1_L0_D0_rgbd_flow_r1,1,0,0,rgbd,flow,1,0,43.5,450,450,1.0,0.009300861874266524,0.012113284674046505,0,0,86.214,400.17555555555555,400.17555555555555,1002.46,1.0,0,1087,0,450020,0.9977777777777778,0.0,,0.002409627870992913
s1_L0_D0_rgbd_flow_r4,1,0,0,rgbd,flow,4,0,45.4,450,450,1.0,0.011268556178359802,0.011962855638531313,0,0,91.99,403.81555555555553,403.81555555555553,1002.4555555555555,1.0,0,1022,0,450083,0.9977777777777778,0.0,,0.0022655479322995753
s1_L0_D0_rgbd_geom_r1,1,0,0,rgbd,geom,1,0,56.7,450,450,1.0,0.008920611165978415,0.014021312103291774,0,0,115.372,387.50666666666666,387.50666666666666,1002.4133333333333,1.0,0,21710,0,429376,0.9977777777777778,0.0,,0.048128294826263726
s1_L0_D0_stereo_geom_r0,1,0,0,stereo,geom,0,0,62.5,450,450,1.0,0.010833255304753283,0.014411359559477577,0,0,129.333,308.0933333333333,308.0933333333333,1002.4244444444445,0.5333548593374705,0,97011,0,354080,0.9977777777777778,0.0,,0.21505860236626312
s1_L0_D0_rgbd_none_r0,1,0,0,rgbd,none,0,0,37.3,450,450,1.0,0.009032873023411768,0.013366039711239766,0,0,73.217,394.94,394.94,1002.4688888888888,1.0,0,0,0,451111,0.0,,,0.0
s1_L0_D0_stereo_geom_r1,1,0,0,stereo,geom,1,0,61.7,450,450,1.0,0.013754084336581091,0.016849728421701935,0,0,126.57,304.71777777777777,304.71777777777777,1002.3444444444444,0.5335389311910353,0,99016,0,352039,0.9977777777777778,0.0,,0.21952090099876956
s1_L0_D0_stereo_flow_r3,1,0,0,stereo,flow,3,0,61.6,450,450,1.0,0.011414009766845003,0.015110562316030706,0,0,127.06,398.3,398.3,1002.4622222222222,0.5335874477291733,0,917,0,450191,0.9977777777777778,0.0,,0.002032772639811309
s1_L0_D0_rgbd_geom_r3,1,0,0,rgbd,geom,3,0,56.5,450,450,1.0,0.008230388868003482,0.013120039904321977,0,0,115.828,392.6977777777778,392.6977777777778,1002.4844444444444,1.0,0,21337,0,429781,0.9977777777777778,0.0,,0.04729804618747201
s1_L0_D2_stereo_flow_r0,1,0,2,stereo,flow,0,0,67.1,450,450,1.0,0.5788843302694763,0.263508443840319,0,0,138.679,279.8511111111111,324.49111111111114,1003.2133333333334,0.5052703540147601,17148,6340,95908,332050,0.9977777777777778,0.730074931880109,0.15167704500424567,0.018735778244037944
s1_L0_D2_rgbd_geom_r2,1,0,2,rgbd,geom,2,0,56.0,450,450,1.0,0.026952560685121835,0.04527257838283783,0,0,112.921,272.3222222222222,288.65555555555557,1003.2355555555556,1.0,61681,16685,51334,321756,0.9977777777777778,0.7870887885052191,0.5457771092332876,0.049299582497392455
s1_L0_D2_stereo_flow_r3,1,0,2,stereo,flow,3,0,64.7,450,450,1.0,0.9260006994305201,0.4279302308954272,0,0,132.822,288.58,334.2911111111111,1003.1444444444444,0.5051901756085653,16731,6957,96250,331477,0.9977777777777778,0.706306990881459,0.14808684646090936,0.020556445274410962
s1_L0_D2_rgbd_geom_r1,1,0,2,rgbd,geom,1,0,53.6,450,450,1.0,0.060400956229793155,0.1158035224255161,0,0,107.754,273.8066666666667,291.8355555555556,1003.1911111111111,1.0,61151,16855,51872,321558,0.9977777777777778,0.7839268774196857,0.5410491669837113,0.049806006270444694
s1_L0_D2_rgbd_flow_r4,1,0,2,rgbd,flow,4,0,46.4,450,450,1.0,0.7949405152182187,0.38362613885970054,0,0,90.377,259.3,295.03333333333336,1003.1577777777778,1.0,16134,6811,96933,331543,0.9977777777777778,0.703159729788625,0.14269415479317574,0.0201298048789138
s1_L0_D2_stereo_geom_r0,1,0,2,stereo,geom,0,0,69.8,450,450,1.0,1.0800222560842554,0.48310207752537127,0,0,145.733,224.37777777777777,273.23333333333335,1003.0911111111111,0.505065596947523,20381,62254,92623,276133,0.9977777777777778,0.2466388334240939,0.18035644755937844,0.18397278855275173
s1_L0_D2_stereo_flow_r4,1,0,2,stereo,flow,4,0,68.6,450,450,1.0,0.8922216643580034,0.4350082532007132,0,0,140.092,280.27777777777777,324.88,1003.2288888888888,0.5051864246554268,16318,6652,96684,331799,0.9977777777777778,0.7104048759251197,0.1444045238137378,0.019654248325459225
s1_L0_D2_stereo_none_r3,1,0,2,stereo,none,3,0,56.4,450,450,1.0,0.9443604770189155,0.43851221066068546,0,0,113.91,282.9822222222222,332.31555555555553,1003.2733333333333,0.5051337591946695,0,0,113028,338445,0.0,,0.0,0.0
s1_L0_D2_stereo_geom_r2,1,0,2,stereo,geom,2,0,68.7,450,450,1.0,1.1058251133741093,0.49272530402328313,0,0,140.835,230.22,280.0022222222222,1003.1688888888889,0.5053619122609405,20405,65204,92644,273173,0.9977777777777778,0.2383511079442582,0.18049695264885138,0.19269631210159083
s1_L0_D2_stereo_geom_r1,1,0,2,stereo,geom,1,0,65.7,450,450,1.0,0.9049765258804081,0.45431667812920745,0,0,135.642,229.04222222222222,277.53777777777776,1003.1533333333333,0.5052468756946867,20938,63770,92125,274586,0.9977777777777778,0.24717854275865325,0.18518878855151552,0.18847013205026658
s1_L0_D2_rgbd_geom_r4,1,0,2,rgbd,geom,4,0,54.4,450,450,1.0,0.01933010102269955,0.031178916047333954,0,0,108.631,271.41555555555556,287.84444444444443,1003.1888888888889,1.0,62127,14714,50807,323787,0.9977777777777778,0.8085136841009357,0.5501177678998354,0.04346811383127376
s1_L0_D2_stereo_geom_r3,1,0,2,stereo,geom,3,0,63.7,450,450,1.0,1.107448452515317,0.47913996818983134,0,0,130.036,229.62666666666667,275.82,1003.1333333333333,0.5053964923645755,20728,61140,92261,277281,0.9977777777777778,0.2531880588264035,0.18345148642788237,0.18066254753694364
s1_L0_D2_rgbd_none_r2,1,0,2,rgbd,none,2,0,37.3,450,450,1.0,1.0954190348123507,0.4596951922846558,0,0,72.055,252.36,294.62,1003.2222222222222,1.0,0,0,113002,338448,0.0,,0.0,0.0
s1_L0_D2_rgbd_none_r0,1,0,2,rgbd,none,0,0,37.3,450,450,1.0,1.1405400327633246,0.48692234825745273,0,0,71.434,254.39777777777778,296.61333333333334,1003.22,1.0,0,0,112990,338459,0.0,,0.0,0.0
s1_L0_D2_stereo_flow_r1,1,0,2,stereo,flow,1,0,63.8,450,450,1.0,0.9863021550452762,0.44680969700508005,0,0,131.351,281.67555555555555,326.56444444444446,1003.2288888888888,0.5053019220502638,17020,7259,95981,331193,0.9977777777777778,0.701017340088142,0.15061813612268918,0.021447649888315035
s1_L0_D2_rgbd_none_r4,1,0,2,rgbd,none,4,0,37.5,450,450,1.0,1.0665885318488013,0.4714484564613044,0,0,71.999,256.84,301.67333333333335,1003.1844444444445,1.0,0,0,113014,338419,0.0,,0.0,0.0
s1_L0_D2_rgbd_flow_r3,1,0,2,rgbd,flow,3,0,44.4,450,450,1.0,0.9078069392241785,0.4358630281669303,0,0,87.299,262.93111111111114,301.23777777777775,1003.1644444444445,1.0,16328,7335,96694,331067,0.9977777777777778,0.6900223978362845,0.1444674488152749,0.021675403809670157
s1_L0_D2_rgbd_geom_r3,1,0,2,rgbd,geom,3,0,54.7,450,450,1.0,0.02939248539791742,0.04849075120348379,0,0,109.249,266.81333333333333,283.50888888888886,1003.2377777777778,1.0,62374,15890,50670,322523,0.9977777777777778,0.7969692323418175,0.5517674533809844,0.04695446096928901
s1_L0_D2_rgbd_flow_r0,1,0,2,rgbd,flow,0,0,45.5,450,450,1.0,0.7455072105060901,0.33359270924882184,0,0,89.54,263.56444444444446,301.4266666666667,1003.1666666666666,1.0,17966,7083,95042,331334,0.9977777777777778,0.7172342209269831,0.15897989522865638,0.02092979962590532
s1_L0_D2_rgbd_flow_r1,1,0,2,rgbd,flow,1,0,46.4,450,450,1.0,0.2785142181350088,0.138310761660944,0,0,89.73,256.99333333333334,293.62888888888887,1003.24,1.0,15597,6790,97414,331657,0.9977777777777778,0.6966989770849153,0.13801311376768632,0.020062225400136507
s1_L0_D2_stereo_none_r2,1,0,2,stereo,none,2,0,58.7,450,450,1.0,1.0685745120825711,0.46918145050825094,0,0,120.835,281.56444444444446,332.4533333333333,1003.2911111111111,0.505157637862985,0,0,112994,338487,0.0,,0.0,0.0
s1_L0_D2_stereo_none_r0,1,0,2,stereo,none,0,0,60.6,450,450,1.0,1.0796217893986968,0.4756822684997048,0,0,124.027,279.5911111111111,328.52222222222224,1003.28,0.505464674044926,0,0,113012,338464,0.0,,0.0,0.0
s1_L0_D2_rgbd_none_r3,1,0,2,rgbd,none,3,0,38.5,450,450,1.0,0.860822297422761,0.4297153841909986,0,0,73.242,260.26666666666665,302.5288888888889,1003.1644444444445,1.0,0,0,113048,338376,0.0,,0.0,0.0
s1_L0_D2_stereo_geom_r4,1,0,2,stereo,geom,4,0,66.7,450,450,1.0,1.0003561228837206,0.4761322578174579,0,0,136.628,225.3177777777778,275.1044444444444,1003.2644444444444,0.5053617126061274,20472,63229,92570,275198,0.9977777777777778,0.2445848914588834,0.18110082978008174,0.1868320199038493
s1_L0_D2_rgbd_none_r1,1,0,2,rgbd,none,1,0,36.4,450,450,1.0,1.0768497987844505,0.45257076396756374,0,0,70.311,259.3222222222222,303.81555555555553,1003.14,1.0,0,0,113022,338391,0.0,,0.0,0.0
s1_L0_D2_rgbd_geom_r0,1,0,2,rgbd,geom,0,0,57.8,450,450,1.0,0.21396116448204236,0.1651351516309135,0,0,114.512,263.87333333333333,282.1911111111111,1003.2288888888888,1.0,63228,18052,49803,320370,0.9977777777777778,0.7779035433070867,0.5593863630331501,0.053341685824207646
s1_L0_D2_stereo_flow_r2,1,0,2,stereo,flow,2,0,63.9,450,450,1.0,0.8358304417804504,0.36890121855019353,0,0,131.964,286.84444444444443,331.4377777777778,1003.1666666666666,0.5053852153942809,16582,7456,96414,330973,0.9977777777777778,0.6898244446293369,0.14674855747106091,0.02203120890940197
s1_L0_D2_stereo_none_r4,1,0,2,stereo,none,4,0,61.8,450,450,1.0,1.0017670192038604,0.4808276482262546,0,0,126.726,285.22,335.41777777777776,1003.3111111111111,0.5053820093533975,0,0,112995,338495,0.0,,0.0,0.0
s1_L0_D2_stereo_none_r1,1,0,2,stereo,none,1,0,55.5,450,450,1.0,1.126670402785086,0.48001228152631414,0,0,112.69,275.9844444444444,326.5733333333333,1003.1644444444445,0.5052431107928058,0,0,113151,338273,0.0,,0.0,0.0
s1_L0_D2_rgbd_flow_r2,1,0,2,rgbd,flow,2,0,34.3,450,450,1.0,0.9846699981326225,0.4406980631631711,0,0,66.727,260.1022222222222,297.74444444444447,1003.1266666666667,1.0,16493,7525,96549,330840,0.9977777777777778,0.6866933133483221,0.14590152332761275,0.02223929779971333
s1_L1_D0_rgbd_none_r4,1,1,0,rgbd,none,4,0,38.2,450,450,1.0,0.011751629879224552,0.015954786889899,0,0,73.032,395.79777777777775,395.79777777777775,975.18,1.0,0,0,0,438831,0.0,,,0.0
s1_L1_D0_stereo_geom_r2,1,1,0,stereo,geom,2,0,61.4,450,450,1.0,0.00763487962323206,0.011882277745589078,0,0,124.039,275.58222222222224,275.58222222222224,975.12,0.6280575746761585,0,147451,0,291353,0.9977777777777778,0.0,,0.33602929781861607
s1_L1_D0_stereo_flow_r1,1,1,0,stereo,flow,1,0,62.6,450,450,1.0,0.008348877681395132,0.012669349276091082,0,0,128.076,432.24,432.24,975.0777777777778,0.6281333998104053,0,1259,0,437526,0.9977777777777778,0.0,,0.0028692867805417232
s1_L1_D0_stereo_none_r4,1,1,0,stereo,none,4,0,56.5,450,450,1.0,0.010227023010918022,0.0167187392528148,0,0,112.961,434.77777777777777,434.77777777777777,975.2111111111111,0.6283550603905214,0,0,0,438845,0.0,,,0.0
s1_L1_D0_stereo_none_r2,1,1,0,stereo,none,2,0,56.5,450,450,1.0,0.008235062331406208,0.013767571285306337,0,0,114.862,437.08,437.08,975.1333333333333,0.6280978075859884,0,0,0,438810,0.0,,,0.0
s1_L1_D0_rgbd_geom_r3,1,1,0,rgbd,geom,3,0,56.5,450,450,1.0,0.010389730480702467,0.013300516637883264,0,0,113.209,382.96,382.96,975.1311111111111,1.0,0,29085,0,409724,0.9977777777777778,0.0,,0.06628168519788792
s1_L1_D0_stereo_geom_r3,1,1,0,stereo,geom,3,0,58.5,450,450,1.0,0.009907606000117043,0.013194378997182326,0,0,119.592,269.11555555555555,269.11555555555555,975.0844444444444,0.627981450987192,0,148100,0,290688,0.9977777777777778,0.0,,0.33752062499430247
s1_L1_D0_stereo_none_r3,1,1,0,stereo,none,3,0,54.3,450,450,1.0,0.009705563573864805,0.01366729872909502,0,0,110.048,424.77555555555557,424.77555555555557,975.0933333333334,0.6280645756786895,0,0,0,438792,0.0,,,0.0
s1_L1_D0_stereo_geom_r1,1,1,0,stereo,geom,1,0,59.6,450,450,1.0,0.009027607787613249,0.012117355635181855,0,0,121.205,275.29333333333335,275.29333333333335,975.1133333333333,0.6279961196090131,0,148395,0,290406,0.9977777777777778,0.0,,0.33818291207175916
s1_L1_D0_rgbd_flow_r3,1,1,0,rgbd,flow,3,0,43.5,450,450,1.0,0.010245534320502424,0.014356932669106771,0,0,86.948,400.8888888888889,400.8888888888889,975.1288888888889,1.0,0,1561,0,437247,0.9977777777777778,0.0,,0.003557364496545186
s1_L1_D0_rgbd_flow_r4,1,1,0,rgbd,flow,4,0,45.5,450,450,1.0,0.010633583233467997,0.0138544258421481,0,0,89.401,406.35777777777776,406.35777777777776,975.1333333333333,1.0,0,1425,0,437385,0.9977777777777778,0.0,,0.0032474191563546867
s1_L1_D0_stereo_flow_r0,1,1,0,stereo,flow,0,0,62.8,450,450,1.0,0.009026024515491626,0.014442249271793139,0,0,127.925,434.4844444444444,434.4844444444444,975.1977777777778,0.6280126110590427,0,1343,0,437496,0.9977777777777778,0.0,,0.0030603478724543624
s1_L1_D0_stereo_flow_r4,1,1,0,stereo,flow,4,0,60.5,450,450,1.0,0.011027137748204463,0.01852692114326159,0,0,123.513,424.48,424.48,975.1866666666666,0.6280635250983899,0,1392,0,437442,0.9977777777777778,0.0,,0.0031720422756668807
s1_L1_D0_rgbd_flow_r2,1,1,0,rgbd,flow,2,0,44.5,450,450,1.0,0.010784306204537844,0.013800762190934377,0,0,86.072,403.38,403.38,975.1977777777778,1.0,0,1217,0,437622,0.9977777777777778,0.0,,0.002773226627533104
s1_L1_D0_rgbd_geom_r0,1,1,0,rgbd,geom,0,0,55.6,450,450,1.0,0.009912339833737361,0.014877780925214183,0,0,112.981,376.71777777777777,376.71777777777777,975.1733333333333,1.0,0,27549,0,411279,0.9977777777777778,0.0,,0.0627785829527742
s1_L1_D0_rgbd_none_r1,1,1,0,rgbd,none,1,0,36.3,450,450,1.0,0.011097141073385672,0.012732703345050464,0,0,71.358,389.0888888888889,389.0888888888889,975.2244444444444,1.0,0,0,0,438851,0.0,,,0.0
s1_L1_D0_stereo_flow_r3,1,1,0,stereo,flow,3,0,59.7,450,450,1.0,0.009967500634139387,0.015738320496667957,0,0,123.19,428.87333333333333,428.87333333333333,975.1577777777778,0.6283059252323822,0,1385,0,437436,0.9977777777777778,0.0,,0.00315618441232302
s1_L1_D0_rgbd_none_r3,1,1,0,rgbd,none,3,0,36.3,450,450,1.0,0.009167270340516955,0.012329254099420777,0,0,71.114,400.6111111111111,400.6111111111111,975.0755555555555,1.0,0,0,0,438784,0.0,,,0.0
s1_L1_D0_stereo_none_r0,1,1,0,stereo,none,0,0,54.6,450,450,1.0,0.009385419193640561,0.01447283549555725,0,0,110.687,428.0311111111111,428.0311111111111,975.1133333333333,0.6281303294996886,0,0,0,438801,0.0,,,0.0
s1_L1_D0_stereo_none_r1,1,1,0,stereo,none,1,0,55.5,450,450,1.0,0.008958293088603542,0.014647074766136949,0,0,112.677,436.9,436.9,975.1155555555556,0.6280288857024752,0,0,0,438802,0.0,,,0.0
s1_L1_D0_rgbd_flow_r1,1,1,0,rgbd,flow,1,0,42.4,450,450,1.0,0.011095959731725343,0.013398414571355858,0,0,85.046,404.78,404.78,975.1333333333333,1.0,0,1396,0,437414,0.9977777777777778,0.0,,0.0031813313279095735
s1_L1_D0_rgbd_geom_r1,1,1,0,rgbd,geom,1,0,56.5,450,450,1.0,0.010128384853625043,0.015010757546040199,0,0,113.216,380.00444444444446,380.00444444444446,975.1155555555556,1.0,0,28574,0,410228,0.9977777777777778,0.0,,0.06511820821236002
s1_L1_D0_rgbd_none_r0,1,1,0,rgbd,none,0,0,37.3,450,450,1.0,0.009077951847482245,0.013203272082288676,0,0,70.698,395.6511111111111,395.6511111111111,975.1044444444444,1.0,0,0,0,438797,0.0,,,0.0
s1_L1_D0_stereo_geom_r4,1,1,0,stereo,geom,4,0,60.7,450,450,1.0,0.01044150385410788,0.013439307559493496,0,0,123.38,271.06,271.06,975.1688888888889,0.6279995971207413,0,149252,0,289574,0.9977777777777778,0.0,,0.34011658379403226
s1_L1_D0_rgbd_flow_r0,1,1,0,rgbd,flow,0,0,44.5,450,450,1.0,0.01174242294724059,0.01395447160709447,0,0,85.682,398.5622222222222,398.5622222222222,975.1488888888889,1.0,0,1484,0,437333,0.9977777777777778,0.0,,0.003381819756299323
s1_L1_D0_stereo_geom_r0,1,1,0,stereo,geom,0,0,61.6,450,450,1.0,0.011028650656401677,0.014946343046615492,0,0,125.414,273.26666666666665,273.26666666666665,975.1133333333333,0.6280230595948386,0,151862,0,286939,0.9977777777777778,0.0,,0.3460839879580949
s1_L1_D0_rgbd_none_r2,1,1,0,rgbd,none,2,0,36.4,450,450,1.0,0.008915827858858128,0.012633622665903224,0,0,69.457,400.24888888888887,400.24888888888887,975.1355555555556,1.0,0,0,0,438811,0.0,,,0.0
s1_L1_D0_rgbd_geom_r2,1,1,0,rgbd,geom,2,0,56.7,450,450,1.0,0.009883203713172344,0.015128351726630762,0,0,112.573,379.7133333333333,379.7133333333333,975.1266666666667,1.0,0,27416,0,411391,0.9977777777777778,0.0,,0.06247849282258487
s1_L1_D0_rgbd_geom_r4,1,1,0,rgbd,geom,4,0,54.5,450,450,1.0,0.010974843293690832,0.013026243621995557,0,0,111.6,390.9,390.9,975.1066666666667,1.0,0,27764,0,411034,0.9977777777777778,0.0,,0.06327284992183191
s1_L1_D0_stereo_flow_r2,1,1,0,stereo,flow,2,0,60.6,450,450,1.0,0.00844998672826734,0.011723672171518955,0,0,125.406,434.6533333333333,434.6533333333333,975.2066666666667,0.6281688622766837,0,1544,0,437299,0.9977777777777778,0.0,,0.003518342550752775
s1_L1_D1_rgbd_geom_r1,1,1,1,rgbd,geom,1,0,54.9,450,450,1.0,0.011229899507389075,0.015564519072738866,0,0,109.245,322.66,330.22444444444443,974.2355555555556,1.0,20065,25204,17529,375608,0.9977777777777778,0.44323930283416907,0.5337287865084854,0.0628823488318713
s1_L1_D1_rgbd_geom_r2,1,1,1,rgbd,geom,2,0,55.0,450,450,1.0,0.0119029447608147,0.015913161701650882,0,0,111.068,329.38444444444445,337.61333333333334,974.2355555555556,1.0,19122,25191,18453,375640,0.9977777777777778,0.4315212240200393,0.5089021956087825,0.06284693549151638
s1_L1_D1_rgbd_geom_r3,1,1,1,rgbd,geom,3,0,56.6,450,450,1.0,0.012155304698625963,0.019480276744928093,0,0,115.848,324.72,332.73333333333335,974.2133333333334,1.0,19746,26543,17808,374299,0.9977777777777778,0.42658082913867224,0.5258028439047772,0.06621811087660474
s1_L1_D1_rgbd_geom_r4,1,1,1,rgbd,geom,4,0,56.7,450,450,1.0,0.013759342210498836,0.01693015665076677,0,0,115.196,343.90444444444444,350.91777777777776,974.2377777777778,1.0,20720,25648,16843,375196,0.9977777777777778,0.4468599033816425,0.5516066341878977,0.0639849916675814
s1_L1_D1_rgbd_none_r3,1,1,1,rgbd,none,3,0,39.3,450,450,1.0,0.5999503896877937,0.2697967843199173,0,0,75.044,336.6533333333333,353.5444444444444,974.18,1.0,0,0,37586,400795,0.0,,0.0,0.0
s1_L1_D1_stereo_flow_r3,1,1,1,stereo,flow,3,0,70.9,450,450,1.0,0.02277799250937664,0.035569953879918605,0,0,146.422,390.11333333333334,406.6355555555556,974.2622222222222,0.6144161181914023,4716,3928,32843,396931,0.9977777777777778,0.5455807496529385,0.12556244841449452,0.00979895674039999
s1_L1_D1_stereo_none_r0,1,1,1,stereo,none,0,0,67.8,450,450,1.0,0.02557645835030057,0.04498585640841474,0,0,140.819,375.3288888888889,394.7266666666667,974.2133333333334,0.6143280068789161,0,0,37534,400862,0.0,,0.0,0.0
s1_L1_D1_rgbd_flow_r3,1,1,1,rgbd,flow,3,0,46.5,450,450,1.0,0.09843590848410663,0.15458812523670654,0,0,89.462,341.2711111111111,354.08444444444444,974.2444444444444,1.0,4645,3864,32943,396958,0.9977777777777778,0.5458925843224821,0.1235766734064063,0.009640189410760886
s1_L1_D1_stereo_geom_r0,1,1,1,stereo,geom,0,0,73.9,450,450,1.0,0.13588988704612065,0.09191384750065976,0,0,153.058,264.27555555555557,285.5755555555556,974.1644444444445,0.6143225669662805,8831,132127,28724,268692,0.9977777777777778,0.0626498673363697,0.2351484489415524,0.3296425568648193
s1_L1_D1_stereo_none_r3,1,1,1,stereo,none,3,0,67.7,450,450,1.0,0.10678218491161505,0.08779090260978117,0,0,134.903,372.49111111111114,392.2866666666667,974.2933333333333,0.6143955895637219,0,0,37590,400842,0.0,,0.0,0.0
s1_L1_D1_rgbd_none_r1,1,1,1,rgbd,none,1,0,39.5,450,450,1.0,0.9022193645077728,0.3424282123592122,0,0,76.543,334.50444444444446,353.08,974.2555555555556,1.0,0,0,37550,400865,0.0,,0.0,0.0
s1_L1_D1_stereo_flow_r2,1,1,1,stereo,flow,2,0,70.7,450,450,1.0,0.018964352416895064,0.03617557506017967,0,0,146.047,377.6088888888889,394.14444444444445,974.1777777777778,0.6143621378826805,5003,4116,32576,396685,0.9977777777777778,0.5486347187191578,0.1331328667606908,0.01026943545550036
s1_L1_D1_stereo_none_r4,1,1,1,stereo,none,4,0,65.6,450,450,1.0,0.06511389721207424,0.09209868476846604,0,0,131.106,370.0288888888889,390.44666666666666,974.2155555555555,0.6141766324640147,0,0,37571,400826,0.0,,0.0,0.0
s1_L1_D1_stereo_geom_r1,1,1,1,stereo,geom,1,0,72.6,450,450,1.0,0.12058019350215647,0.09045272091204218,0,0,148.143,268.24888888888887,289.3977777777778,974.2822222222222,0.6144181348533175,9222,128999,28348,271858,0.9977777777777778,0.06671923947880568,0.2454618046313548,0.32180802630364447
s1_L1_D1_stereo_geom_r2,1,1,1,stereo,geom,2,0,73.7,450,450,1.0,0.17086554232415616,0.13513976024635857,0,0,153.389,258.5511111111111,279.8311111111111,974.2177777777778,0.6142731452190944,8703,132140,28877,268678,0.9977777777777778,0.06179220834546268,0.2315859499733901,0.3296758129624917
s1_L1_D1_stereo_flow_r0,1,1,1,stereo,flow,0,0,67.7,450,450,1.0,0.0163056467449419,0.033133115141865226,0,0,139.629,385.32444444444445,401.94666666666666,974.2511111111111,0.6146479228289705,4936,3785,32646,397046,0.9977777777777778,0.5659901387455567,0.13133947102336224,0.009442882411789507
s1_L1_D1_stereo_flow_r1,1,1,1,stereo,flow,1,0,68.6,450,450,1.0,0.016686217078002722,0.027000413720843868,0,0,138.339,370.17333333333335,387.1222222222222,974.2111111111111,0.6143200305995751,4720,3896,32850,396929,0.9977777777777778,0.5478180129990715,0.12563215331381422,0.009719952597767105
s1_L1_D1_rgbd_none_r0,1,1,1,rgbd,none,0,0,39.5,450,450,1.0,0.48054988388759623,0.2293534286029822,0,0,73.594,323.9555555555556,339.76444444444445,974.2311111111111,1.0,0,0,37589,400815,0.0,,0.0,0.0
s1_L1_D1_rgbd_none_r2,1,1,1,rgbd,none,2,0,37.4,450,450,1.0,0.6408687265545763,0.2729605469460429,0,0,73.537,328.6,344.8644444444444,974.22,1.0,0,0,37611,400788,0.0,,0.0,0.0
s1_L1_D1_stereo_none_r1,1,1,1,stereo,none,1,0,64.8,450,450,1.0,0.09860005742443227,0.09809710279427411,0,0,126.788,373.9288888888889,393.7133333333333,974.2888888888889,0.6143760346973658,0,0,37620,400810,0.0,,0.0,0.0
s1_L1_D1_stereo_none_r2,1,1,1,stereo,none,2,0,61.6,450,450,1.0,0.08149969108223641,0.06254935315101344,0,0,126.584,376.4711111111111,395.9977777777778,974.2511111111111,0.6141694739830177,0,0,37539,400874,0.0,,0.0,0.0
s1_L1_D1_rgbd_none_r4,1,1,1,rgbd,none,4,0,39.5,450,450,1.0,0.4116889408709529,0.2085322796084204,0,0,73.787,330.64,347.24444444444447,974.2133333333334,1.0,0,0,37535,400861,0.0,,0.0,0.0
s1_L1_D1_rgbd_flow_r4,1,1,1,rgbd,flow,4,0,47.5,450,450,1.0,0.3626662852163941,0.19818741126765954,0,0,90.285,331.0777777777778,346.96,974.14,1.0,4538,4031,33031,396763,0.9977777777777778,0.5295833819582215,0.12079107775027283,0.010057535791453964
s1_L1_D1_rgbd_flow_r1,1,1,1,rgbd,flow,1,0,45.3,450,450,1.0,0.6616002638782432,0.3058215661752843,0,0,89.095,339.22222222222223,355.02666666666664,974.2377777777778,1.0,4778,3890,32824,396915,0.9977777777777778,0.5512228887863405,0.12706770916440616,0.00970546774616085
s1_L1_D1_stereo_flow_r4,1,1,1,stereo,flow,4,0,69.7,450,450,1.0,0.01737845220336195,0.03294385180248014,0,0,141.016,379.8488888888889,397.23777777777775,974.2711111111112,0.6141754239018752,4757,3611,32867,397187,0.9977777777777778,0.5684751434034416,0.12643525409313205,0.0090095259956387
s1_L1_D1_stereo_geom_r4,1,1,1,stereo,geom,4,0,70.7,450,450,1.0,0.27103572420002797,0.1809871423643838,0,0,144.216,264.28444444444443,286.04,974.1733333333333,0.6144414902710298,8990,130919,28600,269869,0.9977777777777778,0.06425605214818203,0.23915935089119447,0.3266539916364761
s1_L1_D1_rgbd_flow_r2,1,1,1,rgbd,flow,2,0,44.5,450,450,1.0,0.4792482063375612,0.26797784431608584,0,0,89.367,336.0755555555556,352.37333333333333,974.1911111111111,1.0,5039,3944,32548,396855,0.9977777777777778,0.56094845819882,0.13406230877697076,0.009840343913033716
s1_L1_D1_rgbd_geom_r0,1,1,1,rgbd,geom,0,0,55.6,450,450,1.0,0.01896903590261892,0.03324367871524564,0,0,113.127,319.68,327.8066666666667,974.16,1.0,20027,24728,17531,376086,0.9977777777777778,0.4474807284102335,0.5332286064220672,0.06169445179060612
s1_L1_D1_stereo_geom_r3,1,1,1,stereo,geom,3,0,66.6,450,450,1.0,0.2689221049657893,0.17527682019425228,0,0,135.039,270.64222222222224,292.53333333333336,974.2044444444444,0.6141831375917004,9018,128685,28530,272159,0.9977777777777778,0.06548876930785821,0.24017257909875359,0.32103511590543954
s1_L1_D1_rgbd_flow_r0,1,1,1,rgbd,flow,0,0,38.4,450,450,1.0,0.36515683137025656,0.20354616713485157,0,0,73.853,338.4422222222222,353.6933333333333,974.2111111111111,1.0,4958,4107,32628,396702,0.9977777777777778,0.5469387755102041,0.13191081785771297,0.010246775895750845
s1_L2_D0_rgbd_none_r0,1,2,0,rgbd,none,0,0,30.1,450,450,1.0,0.02160502587779456,0.028054746790740534,0,0,56.02,318.46222222222224,318.46222222222224,690.3,1.0,0,0,0,310635,0.0,,,0.0
s1_L2_D0_rgbd_geom_r2,1,2,0,rgbd,geom,2,0,43.3,450,450,1.0,0.030629159383172438,0.04676691626046379,0,0,85.174,315.3377777777778,315.3377777777778,690.3066666666666,1.0,0,11540,0,299098,0.9977777777777778,0.0,,0.0371493506911582
s1_L2_D0_stereo_geom_r3,1,2,0,stereo,geom,3,0,46.4,450,450,1.0,0.014923909867880659,0.022017686357693207,0,0,93.05,152.6,152.6,690.3111111111111,0.7313301687548901,0,163298,0,147342,0.9977777777777778,0.0,,0.5256824620139068
s1_L2_D0_stereo_none_r0,1,2,0,stereo,none,0,0,45.4,450,450,1.0,0.021498637677245178,0.026352525026800272,0,0,89.665,344.24,344.24,690.3111111111111,0.7314083955842627,0,0,0,310640,0.0,,,0.0
s1_L2_D0_rgbd_geom_r4,1,2,0,rgbd,geom,4,0,43.3,450,450,1.0,0.02093887618176128,0.02957374696580024,0,0,86.052,311.42,311.42,690.3133333333334,1.0,0,13415,0,297226,0.9977777777777778,0.0,,0.043184898323144726
s1_L2_D0_stereo_flow_r1,1,2,0,stereo,flow,1,0,47.5,450,450,1.0,0.013897661906255602,0.02037199439923833,0,0,96.823,338.14,338.14,690.3,0.7313494489630257,0,1190,0,309445,0.9977777777777778,0.0,,0.003830862587924735
s1_L2_D0_stereo_none_r4,1,2,0,stereo,none,4,0,46.4,450,450,1.0,0.013879067292610773,0.018675354818367615,0,0,92.951,344.85555555555555,344.85555555555555,690.3066666666666,0.7313308251562024,0,0,0,310638,0.0,,,0.0
s1_L2_D0_rgbd_flow_r4,1,2,0,rgbd,flow,4,0,36.4,450,450,1.0,0.018168635444709782,0.02694859897993686,0,0,68.338,322.74,322.74,690.3155555555555,1.0,0,1168,0,309474,0.9977777777777778,0.0,,0.003759955189575138
s1_L2_D0_stereo_geom_r2,1,2,0,stereo,geom,2,0,49.5,450,450,1.0,0.018731390535301682,0.026062691839408198,0,0,97.368,153.2288888888889,153.2288888888889,690.3044444444445,0.7313812157945222,0,162160,0,148477,0.9977777777777778,0.0,,0.5220240988678103
s1_L2_D0_rgbd_flow_r1,1,2,0,rgbd,flow,1,0,35.4,450,450,1.0,0.018775356341218477,0.023914023610827534,0,0,67.234,330.22444444444443,330.22444444444443,690.3133333333334,1.0,0,1057,0,309584,0.9977777777777778,0.0,,0.0034026416345556447
s1_L2_D0_stereo_flow_r2,1,2,0,stereo,flow,2,0,50.7,450,450,1.0,0.016557105500141393,0.020097136632327164,0,0,101.77,340.8466666666667,340.8466666666667,690.3022222222222,0.7313898862980279,0,1153,0,309483,0.9977777777777778,0.0,,0.003711739785472386
s1_L2_D0_rgbd_flow_r0,1,2,0,rgbd,flow,0,0,36.5,450,450,1.0,0.017449410364598968,0.02250672893058378,0,0,67.733,321.96,321.96,690.3066666666666,1.0,0,1194,0,309444,0.9977777777777778,0.0,,0.003843702315878933
s1_L2_D0_rgbd_flow_r2,1,2,0,rgbd,flow,2,0,33.3,450,450,1.0,0.02858041445751781,0.03191662149004767,0,0,64.647,331.24,331.24,690.3111111111111,1.0,0,1266,0,309374,0.9977777777777778,0.0,,0.0040754571207828995
s1_L2_D0_rgbd_geom_r0,1,2,0,rgbd,geom,0,0,45.6,450,450,1.0,0.021895416567589806,0.03423365161581547,0,0,88.531,315.69555555555553,315.69555555555553,690.3133333333334,1.0,0,11736,0,298905,0.9977777777777778,0.0,,0.03777994533883164
s1_L2_D0_stereo_flow_r3,1,2,0,stereo,flow,3,0,50.4,450,450,1.0,0.015030469609805471,0.01813064242764276,0,0,100.607,344.1111111111111,344.1111111111111,690.3066666666666,0.7312763136509092,0,1237,0,309401,0.9977777777777778,0.0,,0.00398212710614928
s1_L2_D0_stereo_geom_r4,1,2,0,stereo,geom,4,0,47.4,450,450,1.0,0.016281634640401114,0.024597638968099193,0,0,95.687,150.43333333333334,150.43333333333334,690.3022222222222,0.7312693507245405,0,164558,0,146078,0.9977777777777778,0.0,,0.5297454255141065
s1_L2_D0_stereo_geom_r1,1,2,0,stereo,geom,1,0,47.4,450,450,1.0,0.018227276311721417,0.025966624429115476,0,0,96.169,154.33333333333334,154.33333333333334,690.3111111111111,0.7313550946653153,0,158576,0,152064,0.9977777777777778,0.0,,0.5104815864022663
s1_L2_D0_stereo_geom_r0,1,2,0,stereo,geom,0,0,48.5,450,450,1.0,0.017238180009651632,0.0226296950285984,0,0,97.192,153.46444444444444,153.46444444444444,690.3111111111111,0.73135676929908,0,159472,0,151168,0.9977777777777778,0.0,,0.5133659541591553
s1_L2_D0_rgbd_none_r4,1,2,0,rgbd,none,4,0,30.4,450,450,1.0,0.020003005124339487,0.024788786819048756,0,0,56.276,319.92,319.92,690.3111111111111,1.0,0,0,0,310640,0.0,,,0.0
s1_L2_D0_rgbd_none_r2,1,2,0,rgbd,none,2,0,31.3,450,450,1.0,0.017420719104128707,0.026775984645396985,0,0,56.887,315.20666666666665,315.20666666666665,690.3133333333334,1.0,0,0,0,310641,0.0,,,0.0
s1_L2_D0_rgbd_none_r3,1,2,0,rgbd,none,3,0,30.2,450,450,1.0,0.020694614389873894,0.03108266917598019,0,0,55.697,318.41555555555556,318.41555555555556,690.3133333333334,1.0,0,0,0,310641,0.0,,,0.0
s1_L2_D0_stereo_flow_r0,1,2,0,stereo,flow,0,0,48.5,450,450,1.0,0.016991501125090482,0.020456794751578144,0,0,99.03,342.2733333333333,342.2733333333333,690.3088888888889,0.7313923013159951,0,1100,0,309539,0.9977777777777778,0.0,,0.003541087886582174
s1_L2_D0_stereo_none_r3,1,2,0,stereo,none,3,0,46.4,450,450,1.0,0.019107443713816362,0.023322820824750953,0,0,91.317,345.0311111111111,345.0311111111111,690.3133333333334,0.7312770614704356,0,0,0,310641,0.0,,,0.0
s1_L2_D0_stereo_none_r2,1,2,0,stereo,none,2,0,45.4,450,450,1.0,0.014738856906425003,0.02190584121755185,0,0,91.544,345.24666666666667,345.24666666666667,690.3066666666666,0.7314604252583903,0,0,0,310638,0.0,,,0.0
s1_L2_D0_stereo_none_r1,1,2,0,stereo,none,1,0,45.4,450,450,1.0,0.012201355654203602,0.017069657633424846,0,0,91.735,343.50444444444446,343.50444444444446,690.3088888888889,0.7312833793941688,0,0,0,310639,0.0,,,0.0
s1_L2_D0_rgbd_geom_r1,1,2,0,rgbd,geom,1,0,45.5,450,450,1.0,0.018209171016965807,0.024261918260500056,0,0,88.892,311.7288888888889,311.7288888888889,690.3088888888889,1.0,0,11126,0,299513,0.9977777777777778,0.0,,0.0358164943873757
s1_L2_D0_rgbd_none_r1,1,2,0,rgbd,none,1,0,30.4,450,450,1.0,0.021591377705412303,0.023755975449048946,0,0,56.702,323.62666666666667,323.62666666666667,690.3088888888889,1.0,0,0,0,310639,0.0,,,0.0
s1_L2_D0_rgbd_geom_r3,1,2,0,rgbd,geom,3,0,43.5,450,450,1.0,0.017928436154706847,0.024718465517347195,0,0,86.613,311.02444444444444,311.02444444444444,690.3066666666666,1.0,0,11356,0,299282,0.9977777777777778,0.0,,0.036557021356047874
s1_L2_D0_rgbd_flow_r3,1,2,0,rgbd,flow,3,0,37.3,450,450,1.0,0.022098209541421,0.031048396027744358,0,0,70.167,319.4866666666667,319.4866666666667,690.3088888888889,1.0,0,1241,0,309398,0.9977777777777778,0.0,,0.0039949909702258896
s1_L2_D0_stereo_flow_r4,1,2,0,stereo,flow,4,0,51.6,450,450,1.0,0.014282836969398404,0.021534129705455398,0,0,104.623,342.0711111111111,342.0711111111111,690.3066666666666,0.7312852665605937,0,1104,0,309534,0.9977777777777778,0.0,,0.003553976010661928
s1_L1_D2_rgbd_flow_r3,1,1,2,rgbd,flow,3,0,44.9,450,450,1.0,1.4352928891742822,0.5724794997354726,0,0,88.659,189.10222222222222,268.38666666666666,992.0911111111111,1.0,17584,9922,140362,278573,0.9977777777777778,0.6392787028284738,0.11132918845681436,0.03439227716251581
s1_L1_D2_stereo_flow_r3,1,1,2,stereo,flow,3,0,70.3,450,450,1.0,1.138094387518052,0.6224429124418058,0,0,144.881,232.86444444444444,323.3688888888889,992.1711111111111,0.5648683767465806,17022,10946,140897,277612,0.9977777777777778,0.6086241418764302,0.1077894363566132,0.03793344838819232
s1_L1_D2_stereo_geom_r4,1,1,2,stereo,geom,4,0,66.7,450,450,1.0,1.4032889008494809,0.6923934222122917,0,0,137.774,176.92,262.7911111111111,992.1555555555556,0.5647631540867386,39751,78232,118165,210322,0.9977777777777778,0.3369214208826695,0.2517224347121254,0.2711173645140944
s1_L1_D2_rgbd_flow_r1,1,1,2,rgbd,flow,1,0,45.6,450,450,1.0,1.2203445648155733,0.5673568704396266,0,0,90.347,200.15333333333334,276.5177777777778,992.1022222222222,1.0,17259,9746,140605,278836,0.9977777777777778,0.6391038696537679,0.10932828257234074,0.03377203013354956
s1_L1_D2_stereo_geom_r3,1,1,2,stereo,geom,3,0,69.7,450,450,1.0,1.3858886273262905,0.6583588384949156,0,0,143.665,180.45111111111112,266.7888888888889,992.1977777777778,0.5646413241475675,41063,80014,116922,208490,0.9977777777777778,0.33914781502680114,0.25991708073551284,0.27734104206527466
s1_L1_D2_stereo_none_r2,1,1,2,stereo,none,2,0,59.7,450,450,1.0,1.503992207341375,0.648673357992559,0,0,120.357,233.16222222222223,327.0177777777778,992.1488888888889,0.5648418321415979,0,0,157950,288517,0.0,,0.0,0.0
s1_L1_D2_rgbd_none_r4,1,1,2,rgbd,none,4,0,36.5,450,450,1.0,1.317751512176293,0.5489529857967684,0,0,69.215,192.73333333333332,278.44,992.2666666666667,1.0,0,0,157964,288556,0.0,,0.0,0.0
s1_L1_D2_rgbd_none_r2,1,1,2,rgbd,none,2,0,37.5,450,450,1.0,1.2842530313277005,0.6076724389590296,0,0,71.795,196.6688888888889,280.52222222222224,992.1933333333334,1.0,0,0,157882,288605,0.0,,0.0,0.0
s1_L1_D2_rgbd_flow_r4,1,1,2,rgbd,flow,4,0,46.5,450,450,1.0,0.6824184686953664,0.478283158425786,0,0,93.203,197.49333333333334,274.6933333333333,992.1355555555556,1.0,17723,10432,140135,278171,0.9977777777777778,0.6294796661339016,0.11227178856947383,0.03614654040325291
s1_L1_D2_stereo_geom_r0,1,1,2,stereo,geom,0,0,68.7,450,450,1.0,1.348031023294103,0.6626483534556166,0,0,140.433,174.72666666666666,261.79333333333335,992.1688888888889,0.5648184658173242,41044,80224,116871,208337,0.9977777777777778,0.338456971336214,0.2599119779628281,0.2780140074369024
s1_L1_D2_rgbd_none_r3,1,1,2,rgbd,none,3,0,41.5,450,450,1.0,1.193929021878365,0.5435756041203248,0,0,80.304,196.32,282.1533333333333,992.1866666666666,1.0,0,0,157966,288518,0.0,,0.0,0.0
s1_L1_D2_stereo_none_r4,1,1,2,stereo,none,4,0,62.5,450,450,1.0,0.7411015131039537,0.5550381849336995,0,0,122.754,235.2888888888889,329.8911111111111,992.1822222222222,0.5649414836315803,0,0,157964,288518,0.0,,0.0,0.0
s1_L1_D2_stereo_none_r0,1,1,2,stereo,none,0,0,60.5,450,450,1.0,1.509528849012918,0.678662915282771,0,0,122.389,231.96,327.1933333333333,992.1733333333333,0.5646856950228684,0,0,157825,288653,0.0,,0.0,0.0
s1_L1_D2_rgbd_geom_r4,1,1,2,rgbd,geom,4,0,55.5,450,450,1.0,0.4664581697737347,0.2660825917801384,0,0,108.714,221.34,255.85333333333332,992.1755555555555,1.0,91766,15319,66076,273318,0.9977777777777778,0.8569454171919503,0.581378847201632,0.05307358377477593
s1_L1_D2_rgbd_none_r1,1,1,2,rgbd,none,1,0,37.5,450,450,1.0,1.2944930508620258,0.6075655698363914,0,0,71.56,193.62444444444444,274.7577777777778,992.1755555555555,1.0,0,0,157945,288534,0.0,,0.0,0.0
s1_L1_D2_stereo_geom_r2,1,1,2,stereo,geom,2,0,69.7,450,450,1.0,1.3838531499820914,0.6666155149419785,0,0,145.12,183.79777777777778,270.5911111111111,992.1644444444445,0.5647645787658075,41064,80679,116806,207925,0.9977777777777778,0.33730070722752026,0.2601127509976563,0.27954913999805964
s1_L1_D2_stereo_flow_r2,1,1,2,stereo,flow,2,0,71.7,450,450,1.0,1.1513140283321814,0.6304008534072916,0,0,147.277,239.1888888888889,327.8933333333333,992.1222222222223,0.5647364164704791,17931,9366,139993,279165,0.9977777777777778,0.6568853720189032,0.11354195689065627,0.032460983395198435
s1_L1_D2_stereo_flow_r0,1,1,2,stereo,flow,0,0,70.7,450,450,1.0,1.1039485385184564,0.5858977159039198,0,0,145.539,236.29555555555555,327.52222222222224,992.0844444444444,0.564981160000576,18074,10806,139881,277677,0.9977777777777778,0.6258310249307479,0.1144249944604476,0.03745801312382359
s1_L1_D2_rgbd_flow_r2,1,1,2,rgbd,flow,2,0,44.4,450,450,1.0,1.496731862948,0.5608325529905412,0,0,88.977,192.56222222222223,271.8222222222222,992.1711111111111,1.0,17580,9580,140284,279033,0.9977777777777778,0.6472754050073638,0.11136167840672985,0.03319323800383212
s1_L1_D2_rgbd_geom_r3,1,1,2,rgbd,geom,3,0,54.7,450,450,1.0,0.7008786645961974,0.37386011043901174,0,0,111.037,219.02444444444444,255.37333333333333,992.2622222222222,1.0,92506,15007,65365,273640,0.9977777777777778,0.8604168798191847,0.5859594225665259,0.05199084002258814
s1_L1_D2_stereo_none_r1,1,1,2,stereo,none,1,0,67.7,450,450,1.0,0.9089118056953364,0.5647724106054088,0,0,131.15,223.6888888888889,320.4844444444444,992.0933333333334,0.5648296807760447,0,0,157916,288526,0.0,,0.0,0.0
s1_L1_D2_stereo_flow_r1,1,1,2,stereo,flow,1,0,66.6,450,450,1.0,1.1393929124149913,0.6354742817531371,0,0,136.669,234.82222222222222,324.8688888888889,992.1422222222222,0.564997873636901,17269,9997,140642,278556,0.9977777777777778,0.6333528937137828,0.10935906934919036,0.03464528180264977
s1_L1_D2_stereo_none_r3,1,1,2,stereo,none,3,0,60.5,450,450,1.0,0.8941917719574127,0.597254504797579,0,0,119.713,230.42444444444445,327.32444444444445,992.1622222222222,0.5649230696956835,0,0,157941,288532,0.0,,0.0,0.0
s1_L1_D2_stereo_flow_r4,1,1,2,stereo,flow,4,0,62.5,450,450,1.0,1.4259868898960772,0.648636907919832,0,0,128.824,236.48666666666668,329.3311111111111,992.1444444444444,0.5649609354596293,17578,10334,140268,278285,0.9977777777777778,0.6297649756377185,0.11136170698022123,0.035804988583565185
s1_L1_D2_rgbd_geom_r2,1,1,2,rgbd,geom,2,0,59.4,450,450,1.0,0.7014784130246209,0.3373342612172993,0,0,110.648,207.6888888888889,246.01777777777778,992.1866666666666,1.0,91097,16887,66848,271652,0.9977777777777778,0.843615720847533,0.576764063439805,0.05852588384932366
s1_L1_D2_stereo_geom_r1,1,1,2,stereo,geom,1,0,63.5,450,450,1.0,1.4231924266139582,0.6748216309034135,0,0,131.279,170.82888888888888,258.1777777777778,992.1755555555555,0.5646501074491268,38756,79435,119173,209115,0.9977777777777778,0.32790990853787516,0.2454014145597072,0.27529024432507365
s1_L1_D2_rgbd_flow_r0,1,1,2,rgbd,flow,0,0,46.4,450,450,1.0,1.2381199812261197,0.584521856164221,0,0,91.637,191.00666666666666,270.03555555555556,992.1288888888889,1.0,17586,10282,140383,278207,0.9977777777777778,0.631046361418114,0.11132563984072824,0.03564087365549466
s1_L1_D2_rgbd_geom_r0,1,1,2,rgbd,geom,0,0,56.6,450,450,1.0,0.350024448040355,0.21294303556546626,0,0,111.657,225.79777777777778,259.58444444444444,992.1111111111111,1.0,93820,15470,64061,273099,0.9977777777777778,0.858449995425016,0.594245032651174,0.05360936205898763
s1_L1_D2_rgbd_none_r0,1,1,2,rgbd,none,0,0,36.4,450,450,1.0,1.3495554490201502,0.5805393163267868,0,0,70.27,194.13777777777779,277.1355555555556,992.1355555555556,1.0,0,0,157895,288566,0.0,,0.0,0.0
s1_L1_D2_rgbd_geom_r1,1,1,2,rgbd,geom,1,0,57.8,450,450,1.0,0.6739979813589994,0.3354895494684517,0,0,111.313,213.5888888888889,252.65777777777777,992.1022222222222,1.0,90284,16317,67688,272157,0.9977777777777778,0.8469338936782957,0.5715190033676855,0.056563156471640424
s1_L2_D1_rgbd_flow_r4,1,2,1,rgbd,flow,4,0,50.4,450,450,1.0,1.4847299689016837,0.6602202020577667,0,0,100.711,118.93333333333334,165.98,752.2644444444444,1.0,3664,4433,58609,271813,0.9977777777777778,0.4525132765221687,0.058837698521028374,0.01604729118249676
s1_L2_D1_rgbd_geom_r0,1,2,1,rgbd,geom,0,0,53.5,450,375,0.8333333333333334,0.1295223854709213,0.1725404928787099,1,0,93.202,176.648,198.50666666666666,752.2644444444444,1.0,29147,8322,33113,267937,0.8333333333333334,0.7778963943526649,0.46814969482814006,0.030123905465523296
s1_L2_D1_stereo_geom_r2,1,2,1,stereo,geom,2,0,61.7,450,450,1.0,1.2799311923019125,0.6319242776508648,0,0,127.26,128.6911111111111,177.55555555555554,752.26,0.705963505009059,19490,128855,42737,147435,0.9977777777777778,0.131382924938488,0.3132080929500056,0.46637590937058887
s1_L2_D1_rgbd_flow_r3,1,2,1,rgbd,flow,3,0,46.6,450,450,1.0,1.4819086468161955,0.6434252472248934,0,0,93.766,115.1288888888889,159.80666666666667,752.26,1.0,3223,4119,59035,272140,0.9977777777777778,0.438981204031599,0.05176844742844293,0.014909921486720795
s1_L2_D1_stereo_none_r2,1,2,1,stereo,none,2,0,67.7,450,450,1.0,1.1853598143677408,0.6555033504304654,0,0,139.475,255.76222222222222,323.3466666666667,752.2555555555556,0.7060510678657521,0,0,62247,276268,0.0,,0.0,0.0
s1_L2_D1_stereo_flow_r2,1,2,1,stereo,flow,2,0,69.7,450,450,1.0,1.2952800379393745,0.6876929863689243,0,0,144.324,251.0911111111111,316.50444444444446,752.2688888888889,0.7059592763715222,3199,3965,59069,272288,0.9977777777777778,0.44653824678950305,0.051374702897154234,0.014352785309118815
s1_L2_D1_stereo_flow_r3,1,2,1,stereo,flow,3,0,68.7,450,450,1.0,1.1618650156412023,0.6633000328470261,0,0,140.424,249.50444444444443,314.6977777777778,752.2533333333333,0.705788144630732,3453,4547,58781,271733,0.9977777777777778,0.431625,0.05548414050197641,0.016457941219053134
s1_L2_D1_rgbd_none_r1,1,2,1,rgbd,none,1,0,42.4,450,450,1.0,1.5423899727255574,0.6452967965941001,0,0,82.701,123.73555555555555,169.38666666666666,752.2733333333333,1.0,0,0,62225,276298,0.0,,0.0,0.0
s1_L2_D1_stereo_geom_r1,1,2,1,stereo,geom,1,0,59.7,450,450,1.0,1.3608618356193771,0.6270720325079537,0,0,120.754,126.73333333333333,176.64,752.2688888888889,0.7059930171739901,18746,129220,43517,147038,0.9977777777777778,0.12669126691266913,0.30107768658753997,0.4677511601473984
s1_L2_D1_rgbd_geom_r3,1,2,1,rgbd,geom,3,0,46.4,450,405,0.9,0.16628220216799638,0.17310861045701179,1,0,90.479,162.0172839506173,182.8395061728395,752.2622222222222,1.0,31591,11847,30684,264396,0.9,0.7272664487315254,0.5072822159775191,0.04288615458129256
s1_L2_D1_stereo_none_r3,1,2,1,stereo,none,3,0,65.8,450,450,1.0,1.2762899404531673,0.6739407895703083,0,0,135.473,245.61777777777777,313.66,752.2711111111112,0.7060120091277311,0,0,62241,276281,0.0,,0.0,0.0
s1_L2_D1_stereo_geom_r4,1,2,1,stereo,geom,4,0,58.7,450,450,1.0,1.3903746617115973,0.6511050759137061,0,0,120.099,129.9488888888889,181.98222222222222,752.26,0.705935402228853,18323,128015,43912,148267,0.9977777777777778,0.12521012997307604,0.29441632521892824,0.46334904192093584
s1_L2_D1_stereo_none_r4,1,2,1,stereo,none,4,0,66.8,450,450,1.0,1.3487944810841774,0.659673432402763,0,0,135.715,252.70888888888888,319.87111111111113,752.2644444444444,0.7059500863651652,0,0,62303,276216,0.0,,0.0,0.0
s1_L2_D1_stereo_none_r1,1,2,1,stereo,none,1,0,67.7,450,450,1.0,1.3091084477311647,0.6922570906528227,0,0,138.876,253.00666666666666,320.4,752.2644444444444,0.7059173408657508,0,0,62262,276257,0.0,,0.0,0.0
s1_L2_D1_stereo_geom_r0,1,2,1,stereo,geom,0,0,65.7,450,450,1.0,1.377126903808115,0.677993182345121,0,0,134.786,128.0511111111111,179.75555555555556,752.2533333333333,0.7059271797137434,18123,128866,44111,147414,0.9977777777777778,0.12329494043771982,0.2912073786033358,0.4664326046040249
s1_L2_D1_rgbd_flow_r0,1,2,1,rgbd,flow,0,0,46.6,450,450,1.0,1.4535524311551165,0.6249226948360337,0,0,92.439,117.93333333333334,166.13555555555556,752.2644444444444,1.0,3150,4306,59113,271950,0.9977777777777778,0.42247854077253216,0.05059184427348506,0.015586991775744238
s1_L2_D1_rgbd_geom_r2,1,2,1,rgbd,geom,2,0,52.5,450,395,0.8777777777777778,0.16718864284270044,0.15608959169256065,1,0,90.611,159.61772151898734,181.14430379746835,752.2733333333333,1.0,30708,12700,31522,263593,0.8777777777777778,0.7074272023590121,0.4934597461031657,0.04596569583739002
s1_L2_D1_stereo_none_r0,1,2,1,stereo,none,0,0,64.8,450,450,1.0,1.3310040085959516,0.7112103504779775,0,0,132.128,250.36666666666667,318.82444444444445,752.2622222222222,0.7058443746975575,0,0,62278,276240,0.0,,0.0,0.0
s1_L2_D1_rgbd_flow_r1,1,2,1,rgbd,flow,1,0,45.5,450,450,1.0,1.3382340336481644,0.6222656358023946,0,0,91.129,119.40666666666667,165.85333333333332,752.2688888888889,1.0,3493,4270,58759,271999,0.9977777777777778,0.4499549143372408,0.05611064704748442,0.015455950540958269
s1_L2_D1_rgbd_none_r3,1,2,1,rgbd,none,3,0,40.5,450,450,1.0,1.5045162320645917,0.6453418989680789,0,0,79.092,121.57333333333334,169.74666666666667,752.26,1.0,0,0,62284,276233,0.0,,0.0,0.0
s1_L2_D1_rgbd_none_r2,1,2,1,rgbd,none,2,0,38.4,450,450,1.0,1.2330800680340865,0.6084157344171591,0,0,73.712,119.33555555555556,165.65555555555557,752.2622222222222,1.0,0,0,62246,276272,0.0,,0.0,0.0
s1_L2_D1_stereo_flow_r4,1,2,1,stereo,flow,4,0,71.9,450,450,1.0,1.1981336220810341,0.6685432471047095,0,0,148.304,254.88444444444445,320.85777777777776,752.2755555555556,0.7060305258380037,3067,4329,59203,271925,0.9977777777777778,0.414683612763656,0.04925325196723944,0.01567036133413453
s1_L2_D1_stereo_flow_r0,1,2,1,stereo,flow,0,0,72.8,450,450,1.0,1.2259101966533539,0.6657507103388358,0,0,149.702,251.1288888888889,315.8622222222222,752.2666666666667,0.7060022447880565,3107,4396,59149,271868,0.9977777777777778,0.4141010262561642,0.049906836288871756,0.01591231575594359
s1_L2_D1_stereo_flow_r1,1,2,1,stereo,flow,1,0,72.8,450,450,1.0,1.2504594249135723,0.6955520549096988,0,0,149.333,247.57555555555555,314.4066666666667,752.2777777777778,0.7059796543341882,3598,4946,58689,271292,0.9977777777777778,0.4211142322097378,0.057764862651917735,0.01790485016543705
s1_L2_D1_stereo_geom_r3,1,2,1,stereo,geom,3,0,65.7,450,450,1.0,1.3316244551721947,0.6625373582594687,0,0,134.916,128.01333333333332,177.76666666666668,752.2755555555556,0.7061309538809066,19673,128143,42554,148154,0.9977777777777778,0.13309114033663474,0.316148938563646,0.4637871565742661
s1_L2_D1_rgbd_none_r4,1,2,1,rgbd,none,4,0,39.5,450,450,1.0,1.5376649308523171,0.6565431482302612,0,0,78.579,123.18666666666667,173.89555555555555,752.2511111111111,1.0,0,0,62267,276246,0.0,,0.0,0.0
s1_L2_D1_rgbd_flow_r2,1,2,1,rgbd,flow,2,0,46.5,450,450,1.0,1.566019870252709,0.6591143828177364,0,0,93.0,123.17333333333333,168.8488888888889,752.26,1.0,3275,4555,58993,271694,0.9977777777777778,0.4182630906768838,0.05259523350677716,0.01648874747057908
s1_L2_D1_rgbd_none_r0,1,2,1,rgbd,none,0,0,41.4,450,450,1.0,1.4918939987808189,0.6457516070110442,0,0,81.62,119.81555555555556,170.2422222222222,752.2644444444444,1.0,0,0,62263,276256,0.0,,0.0,0.0
s1_L2_D1_rgbd_geom_r1,1,2,1,rgbd,geom,1,0,67.9,450,365,0.8111111111111111,0.7586334883375956,0.43536657364175263,1,0,90.034,148.75890410958905,175.13698630136986,752.2644444444444,1.0,27058,13954,35162,262345,0.8111111111111111,0.6597581195747586,0.43487624558019927,0.05050325915041314
s1_L2_D2_rgbd_geom_r4,1,2,2,rgbd,geom,4,0,34.2,450,168,0.37333333333333335,0.5391738731202702,0.7821092684981645,1,0,65.758,86.36904761904762,176.9345238095238,908.96,1.0,36357,10392,187404,174879,0.37333333333333335,0.7777064750048129,0.16248139756257793,0.056090807519795324
s1_L2_D1_rgbd_geom_r4,1,2,1,rgbd,geom,4,0,48.5,450,450,1.0,0.6322171223976957,0.3550147447854138,0,0,97.15,176.12444444444444,201.5511111111111,752.2822222222222,1.0,35373,11269,26881,265004,0.9977777777777778,0.7583937223961237,0.5682044527259292,0.04078936414343783
s1_L2_D2_rgbd_flow_r3,1,2,2,rgbd,flow,3,0,43.9,450,281,0.6244444444444445,1.5475157044734222,0.8140765554415265,1,0,87.514,61.19928825622776,202.2918149466192,908.8977777777778,1.0,15868,11234,207893,174009,0.9977777777777778,0.5854918456202495,0.07091494943265358,0.060644666735045316
s1_L2_D2_rgbd_flow_r0,1,2,2,rgbd,flow,0,0,43.9,450,450,1.0,2.0218126254514126,0.7528363158471093,0,0,87.709,63.833333333333336,226.3088888888889,908.9111111111112,1.0,15039,11914,208770,173287,0.9977777777777778,0.5579712833450822,0.06719568918140022,0.06433010620892976
s1_L2_D2_rgbd_geom_r1,1,2,2,rgbd,geom,1,0,34.4,450,167,0.3711111111111111,0.6019702124952558,0.8643683017999246,1,0,66.803,87.80239520958084,184.49101796407186,908.9488888888889,1.0,34411,9651,189419,175546,0.3711111111111111,0.7809677272933594,0.15373721127641513,0.05211207524959908
s1_L2_D2_stereo_geom_r2,1,2,2,stereo,geom,2,0,62.5,450,450,1.0,1.8448649504039119,0.8358240181371277,0,0,128.294,84.40666666666667,229.08666666666667,908.9377777777778,0.6478160097456598,70029,70559,153650,114784,0.9977777777777778,0.4981150596067943,0.3130781164078881,0.38069417242625836
s1_L2_D2_stereo_none_r0,1,2,2,stereo,none,0,0,56.4,450,450,1.0,2.2287879119009544,0.8699530754359032,0,0,114.531,118.99555555555555,297.31111111111113,908.9466666666667,0.6478005685659906,0,0,223747,185279,0.0,,0.0,0.0
s1_L2_D2_stereo_flow_r3,1,2,2,stereo,flow,3,0,65.5,450,314,0.6977777777777778,1.500959123963141,0.8171316446769445,3,0,135.425,116.93949044585987,285.6528662420382,908.9288888888889,0.6479547414868478,14638,12328,209178,172874,0.9977777777777778,0.5428317140102351,0.06540193730564392,0.06656515588384575
s1_L2_D2_stereo_flow_r1,1,2,2,stereo,flow,1,0,58.5,450,450,1.0,2.3064117477850106,0.8568236893142603,0,0,120.345,109.33777777777777,285.8977777777778,908.9288888888889,0.6478717591663659,15233,11587,208614,173584,0.9977777777777778,0.5679716629381059,0.06805094551188982,0.06257459321384018
s1_L2_D2_rgbd_none_r2,1,2,2,rgbd,none,2,0,33.3,450,294,0.6533333333333333,1.2229537079093924,0.7978989053875702,2,0,65.041,60.7891156462585,207.18027210884352,908.92,1.0,0,0,223859,185155,0.0,,0.0,0.0
s1_L2_D2_stereo_none_r4,1,2,2,stereo,none,4,0,54.6,450,450,1.0,2.3801545947763767,0.8589672197168651,0,0,111.696,118.92,301.96666666666664,908.9288888888889,0.6477419142194882,0,0,223843,185175,0.0,,0.0,0.0
s1_L2_D2_stereo_geom_r3,1,2,2,stereo,geom,3,0,59.5,450,450,1.0,1.932260239066596,0.8805748706342055,0,0,122.167,81.33555555555556,231.63111111111112,908.9022222222222,0.6476561182333909,67331,70817,156476,114382,0.9977777777777778,0.4873830963893795,0.3008440307943898,0.3823832742077441
s1_L2_D2_stereo_none_r3,1,2,2,stereo,none,3,0,54.6,450,450,1.0,2.151456961429243,0.906901408507881,0,0,111.184,117.8488888888889,295.77555555555557,908.9688888888888,0.6476807369259335,0,0,223802,185234,0.0,,0.0,0.0
s1_L2_D2_stereo_flow_r0,1,2,2,stereo,flow,0,0,59.5,450,450,1.0,2.0022161539279915,0.8243793617746499,0,0,122.798,119.53333333333333,294.50666666666666,908.9577777777778,0.6477203099754911,15244,11955,208551,173281,0.9977777777777778,0.5604617816831501,0.06811590964945598,0.06453929041870911
s1_L2_D2_stereo_flow_r2,1,2,2,stereo,flow,2,0,60.5,450,450,1.0,2.148158713990901,0.8881770865160121,0,0,124.47,107.7911111111111,286.0888888888889,908.9844444444444,0.6478732635565992,14594,12032,209210,173207,0.9977777777777778,0.5481108690753399,0.06520884345230649,0.06495392438957238
s1_L2_D2_stereo_flow_r4,1,2,2,stereo,flow,4,0,59.5,450,450,1.0,2.414908769225332,0.8334579222450161,0,0,121.786,117.64,300.34222222222223,908.9644444444444,0.6475539337461401,14995,11429,208847,173763,0.9977777777777778,0.567476536481986,0.06698921560743738,0.061714328912696015
s1_L2_D2_stereo_none_r2,1,2,2,stereo,none,2,0,55.4,450,450,1.0,1.9745674324125415,0.8540865677213723,0,0,112.999,122.67111111111112,301.98,908.9377777777778,0.6477789761400736,0,0,223814,185208,0.0,,0.0,0.0
s1_L2_D2_rgbd_geom_r2,1,2,2,rgbd,geom,2,0,33.5,450,164,0.36444444444444446,0.4462368642905446,0.75054432709756,1,0,65.163,103.98780487804878,201.0,908.9,1.0,33721,7710,189965,177609,0.36444444444444446,0.8139074605971374,0.15075149987035397,0.04160393699512732
s1_L2_D2_rgbd_none_r1,1,2,2,rgbd,none,1,0,38.3,450,450,1.0,1.694461594326961,0.7787905451212286,0,0,73.266,62.09111111111111,226.28,908.9422222222222,1.0,0,0,223876,185148,0.0,,0.0,0.0
s1_L2_D2_stereo_geom_r0,1,2,2,stereo,geom,0,0,55.6,450,281,0.6244444444444445,1.188203693064356,0.8583123997771785,1,0,113.104,92.49110320284697,231.18861209964413,908.9177777777778,0.6476376641380455,43706,52038,180095,133174,0.6244444444444445,0.45648813502673796,0.19528956528344377,0.28096451633803426
s1_L2_D2_stereo_none_r1,1,2,2,stereo,none,1,0,53.5,450,450,1.0,1.9786461304901486,0.8558869227643702,0,0,109.173,120.59777777777778,300.66,908.9044444444445,0.6478454062367907,0,0,223738,185269,0.0,,0.0,0.0
s1_L2_D2_rgbd_none_r3,1,2,2,rgbd,none,3,0,37.4,450,302,0.6711111111111111,1.3788825877209785,0.7763361996379248,3,0,73.48,60.46026490066225,198.8476821192053,908.9444444444445,1.0,0,0,223858,185167,0.0,,0.0,0.0
s1_L2_D2_stereo_geom_r4,1,2,2,stereo,geom,4,0,53.4,450,281,0.6244444444444445,1.123139297568098,0.8952893572981763,1,0,108.496,85.97153024911032,221.70462633451956,908.9111111111112,0.6477292362163043,42475,51523,181254,133758,0.6244444444444445,0.4518713164109875,0.18985022057936163,0.2780803212417895
s1_L2_D2_rgbd_none_r0,1,2,2,rgbd,none,0,0,36.3,450,450,1.0,1.8205682477847036,0.7887055721212346,0,0,70.921,63.75333333333333,231.51111111111112,908.9377777777778,1.0,0,0,223850,185172,0.0,,0.0,0.0
s1_L2_D2_rgbd_flow_r1,1,2,2,rgbd,flow,1,0,40.4,450,281,0.6244444444444445,1.383251249679043,0.8513202333143298,1,0,79.469,67.47330960854093,215.75800711743773,908.9111111111112,1.0,15545,12250,208303,172912,0.9977777777777778,0.5592732505846375,0.06944444444444445,0.06615828301703373
s1_L2_D2_rgbd_geom_r3,1,2,2,rgbd,geom,3,0,46.4,450,318,0.7066666666666667,0.8043925782887746,0.7502930387564315,1,0,89.636,86.83333333333333,168.22641509433961,908.9177777777778,1.0,58698,9436,165106,175773,0.7066666666666667,0.8615082044207004,0.2622741327232757,0.05094784810673347
s1_L2_D2_rgbd_geom_r0,1,2,2,rgbd,geom,0,0,43.4,450,297,0.66,0.9624917853600766,0.7139376982429994,2,0,85.032,82.6936026936027,169.2020202020202,908.9933333333333,1.0,56110,11604,167633,173700,0.66,0.8286321883214697,0.25077879531426683,0.06262142209558347
s1_L2_D2_rgbd_flow_r2,1,2,2,rgbd,flow,2,0,44.5,450,450,1.0,2.256980969801805,0.7910650139815593,0,0,86.46,58.42444444444445,229.3711111111111,908.98,1.0,15668,12015,208117,173241,0.9977777777777778,0.5659791207600332,0.07001362915298166,0.06485619898950641
s1_L2_D2_rgbd_flow_r4,1,2,2,rgbd,flow,4,0,43.6,450,450,1.0,2.0984283219695254,0.7994222111818692,0,0,86.659,65.97111111111111,225.32666666666665,908.9333333333333,1.0,14866,11928,208915,173311,0.9977777777777778,0.5548257072478913,0.06643101961292514,0.06439248754311996
s1_L2_D2_rgbd_none_r4,1,2,2,rgbd,none,4,0,38.3,450,450,1.0,1.5923345741019024,0.8037566330576292,0,0,73.166,61.937777777777775,222.1822222222222,908.9466666666667,1.0,0,0,223894,185132,0.0,,0.0,0.0
s1_L2_D2_stereo_geom_r1,1,2,2,stereo,geom,1,0,52.7,450,281,0.6244444444444445,1.1395690555757907,0.8574956421812341,1,0,106.641,87.7864768683274,225.37366548042704,908.9111111111112,0.6478059083994225,43268,52755,180455,132532,0.64,0.4506003769930121,0.1933998739512701,0.2847204606907123
s1_L3_D0_rgbd_geom_r4,1,3,0,rgbd,geom,4,3221225477,16.0,450,0,0.0,,,0,0,,0.0,0.0,233.35555555555555,1.0,0,0,0,105010,0.0,,,0.0
s1_L3_D0_stereo_geom_r4,1,3,0,stereo,geom,4,3221225477,23.1,450,0,0.0,,,0,0,,0.0,0.0,233.35555555555555,0.7913462381228715,0,0,0,105010,0.0,,,0.0
s1_L3_D0_stereo_flow_r2,1,3,0,stereo,flow,2,3221225477,24.1,450,0,0.0,,,0,0,,0.0,0.0,233.35555555555555,0.7913462381228715,0,1025,0,103985,0.9977777777777778,0.0,,0.009760975145224265
s1_L3_D0_stereo_geom_r0,1,3,0,stereo,geom,0,3221225477,21.1,450,0,0.0,,,0,0,,0.0,0.0,233.35555555555555,0.7913462381228715,0,0,0,105010,0.0,,,0.0
s1_L3_D0_rgbd_flow_r3,1,3,0,rgbd,flow,3,3221225477,17.1,450,0,0.0,,,0,0,,0.0,0.0,233.35555555555555,1.0,0,1025,0,103985,0.9977777777777778,0.0,,0.009760975145224265
s1_L3_D0_rgbd_flow_r0,1,3,0,rgbd,flow,0,3221225477,16.1,450,0,0.0,,,0,0,,0.0,0.0,233.35555555555555,1.0,0,1025,0,103985,0.9977777777777778,0.0,,0.009760975145224265
s1_L3_D0_rgbd_geom_r1,1,3,0,rgbd,geom,1,3221225477,16.1,450,0,0.0,,,0,0,,0.0,0.0,233.35555555555555,1.0,0,0,0,105010,0.0,,,0.0
s1_L3_D0_stereo_none_r3,1,3,0,stereo,none,3,3221225477,22.0,450,0,0.0,,,0,0,,0.0,0.0,233.35555555555555,0.7913462381228715,0,0,0,105010,0.0,,,0.0
s1_L3_D0_stereo_none_r0,1,3,0,stereo,none,0,3221225477,22.1,450,0,0.0,,,0,0,,0.0,0.0,233.35555555555555,0.7913462381228715,0,0,0,105010,0.0,,,0.0
s1_L3_D0_stereo_flow_r3,1,3,0,stereo,flow,3,3221225477,23.1,450,0,0.0,,,0,0,,0.0,0.0,233.35555555555555,0.7913462381228715,0,1025,0,103985,0.9977777777777778,0.0,,0.009760975145224265
s1_L3_D0_rgbd_flow_r2,1,3,0,rgbd,flow,2,3221225477,17.0,450,0,0.0,,,0,0,,0.0,0.0,233.35555555555555,1.0,0,1025,0,103985,0.9977777777777778,0.0,,0.009760975145224265
s1_L3_D0_stereo_geom_r1,1,3,0,stereo,geom,1,3221225477,22.1,450,0,0.0,,,0,0,,0.0,0.0,233.35555555555555,0.7913462381228715,0,0,0,105010,0.0,,,0.0
s1_L3_D0_rgbd_geom_r2,1,3,0,rgbd,geom,2,3221225477,17.1,450,0,0.0,,,0,0,,0.0,0.0,233.35555555555555,1.0,0,0,0,105010,0.0,,,0.0
s1_L3_D0_stereo_flow_r0,1,3,0,stereo,flow,0,3221225477,23.1,450,0,0.0,,,0,0,,0.0,0.0,233.35555555555555,0.7913462381228715,0,1025,0,103985,0.9977777777777778,0.0,,0.009760975145224265
s1_L3_D0_rgbd_flow_r4,1,3,0,rgbd,flow,4,3221225477,16.1,450,0,0.0,,,0,0,,0.0,0.0,233.35555555555555,1.0,0,1025,0,103985,0.9977777777777778,0.0,,0.009760975145224265
s1_L3_D0_rgbd_geom_r0,1,3,0,rgbd,geom,0,3221225477,16.1,450,0,0.0,,,0,0,,0.0,0.0,233.35555555555555,1.0,0,0,0,105010,0.0,,,0.0
s1_L3_D0_rgbd_none_r4,1,3,0,rgbd,none,4,3221225477,16.1,450,0,0.0,,,0,0,,0.0,0.0,233.35555555555555,1.0,0,0,0,105010,0.0,,,0.0
s1_L3_D0_stereo_none_r4,1,3,0,stereo,none,4,3221225477,20.1,450,0,0.0,,,0,0,,0.0,0.0,233.35555555555555,0.7913462381228715,0,0,0,105010,0.0,,,0.0
s1_L3_D0_rgbd_none_r0,1,3,0,rgbd,none,0,3221225477,16.1,450,0,0.0,,,0,0,,0.0,0.0,233.35555555555555,1.0,0,0,0,105010,0.0,,,0.0
s1_L3_D0_rgbd_geom_r3,1,3,0,rgbd,geom,3,3221225477,16.1,450,0,0.0,,,0,0,,0.0,0.0,233.35555555555555,1.0,0,0,0,105010,0.0,,,0.0
s1_L3_D0_stereo_flow_r1,1,3,0,stereo,flow,1,3221225477,22.1,450,0,0.0,,,0,0,,0.0,0.0,233.35555555555555,0.7913462381228715,0,1025,0,103985,0.9977777777777778,0.0,,0.009760975145224265
s1_L3_D0_stereo_flow_r4,1,3,0,stereo,flow,4,3221225477,24.1,450,0,0.0,,,0,0,,0.0,0.0,233.35555555555555,0.7913462381228715,0,1025,0,103985,0.9977777777777778,0.0,,0.009760975145224265
s1_L3_D0_rgbd_flow_r1,1,3,0,rgbd,flow,1,3221225477,17.0,450,0,0.0,,,0,0,,0.0,0.0,233.35555555555555,1.0,0,1025,0,103985,0.9977777777777778,0.0,,0.009760975145224265
s1_L3_D0_stereo_none_r2,1,3,0,stereo,none,2,3221225477,22.1,450,0,0.0,,,0,0,,0.0,0.0,233.35555555555555,0.7913462381228715,0,0,0,105010,0.0,,,0.0
s1_L3_D0_stereo_none_r1,1,3,0,stereo,none,1,3221225477,19.1,450,0,0.0,,,0,0,,0.0,0.0,233.35555555555555,0.7913462381228715,0,0,0,105010,0.0,,,0.0
s1_L3_D0_rgbd_none_r3,1,3,0,rgbd,none,3,3221225477,17.1,450,0,0.0,,,0,0,,0.0,0.0,233.35555555555555,1.0,0,0,0,105010,0.0,,,0.0
s1_L3_D0_rgbd_none_r2,1,3,0,rgbd,none,2,3221225477,16.0,450,0,0.0,,,0,0,,0.0,0.0,233.35555555555555,1.0,0,0,0,105010,0.0,,,0.0
s1_L3_D0_rgbd_none_r1,1,3,0,rgbd,none,1,3221225477,17.0,450,0,0.0,,,0,0,,0.0,0.0,233.35555555555555,1.0,0,0,0,105010,0.0,,,0.0
s1_L3_D0_stereo_geom_r3,1,3,0,stereo,geom,3,3221225477,21.1,450,0,0.0,,,0,0,,0.0,0.0,233.35555555555555,0.7913462381228715,0,0,0,105010,0.0,,,0.0
s1_L3_D0_stereo_geom_r2,1,3,0,stereo,geom,2,3221225477,22.1,450,0,0.0,,,0,0,,0.0,0.0,233.35555555555555,0.7913462381228715,0,0,0,105010,0.0,,,0.0
s1_L3_D1_rgbd_geom_r3,1,3,1,rgbd,geom,3,0,22.6,450,90,0.2,0.6941567231824368,1.167325043450308,1,0,39.446,80.65555555555555,159.03333333333333,367.7733333333333,1.0,4688,4276,60333,96201,0.2,0.5229808121374386,0.07209978314698329,0.042557003095235725
s1_L3_D1_rgbd_flow_r2,1,3,1,rgbd,flow,2,0,26.2,450,175,0.3888888888888889,0.9618592811508822,0.8775233502109018,1,0,46.558,53.62285714285714,150.53142857142856,367.7733333333333,1.0,1474,5248,63547,95229,0.9977777777777778,0.21927997619756026,0.02266959905261377,0.05223085880350727
s1_L3_D1_stereo_flow_r0,1,3,1,stereo,flow,0,0,36.8,450,445,0.9888888888888889,1.64104046223056,0.7173640799347071,0,0,73.432,88.08539325842696,170.14157303370786,367.7733333333333,0.7711662135739119,1435,5243,63586,95234,0.9977777777777778,0.2148846960167715,0.022069792836160625,0.052181096171263076
s1_L3_D1_rgbd_flow_r0,1,3,1,rgbd,flow,0,0,28.3,450,205,0.45555555555555555,1.4357931354967437,0.8184870250253508,1,0,51.704,51.35121951219512,144.32682926829267,367.7733333333333,1.0,1435,5245,63586,95232,0.9977777777777778,0.2148203592814371,0.022069792836160625,0.052201001224160756
s1_L3_D1_stereo_flow_r4,1,3,1,stereo,flow,4,0,40.5,450,445,0.9888888888888889,1.7832004310690448,0.734322749258123,0,0,80.282,87.45168539325843,168.99101123595506,367.7733333333333,0.7711662135739119,1452,5253,63569,95224,0.9977777777777778,0.21655480984340045,0.022331246827947893,0.05228062143575147
s1_L3_D1_rgbd_flow_r1,1,3,1,rgbd,flow,1,0,28.3,450,204,0.4533333333333333,1.2372320567939215,0.83961098936313,1,0,52.883,53.083333333333336,138.63725490196077,367.7733333333333,1.0,1435,5243,63586,95234,0.9977777777777778,0.2148846960167715,0.022069792836160625,0.052181096171263076
s1_L3_D1_rgbd_flow_r3,1,3,1,rgbd,flow,3,0,26.3,450,205,0.45555555555555555,1.2984038406808902,0.7328069301547633,1,0,48.086,51.25365853658536,140.42926829268293,367.7733333333333,1.0,1474,5248,63547,95229,0.9977777777777778,0.21927997619756026,0.02266959905261377,0.05223085880350727
s1_L3_D1_stereo_geom_r2,1,3,1,stereo,geom,2,0,32.3,450,173,0.3844444444444444,0.6407983969826121,0.7220154419722106,1,0,62.658,49.28901734104046,129.4450867052023,367.7733333333333,0.7711662135739119,14631,16185,50390,84292,0.3844444444444444,0.47478582554517135,0.22501960904938403,0.16108164057445984
s1_L3_D1_stereo_none_r1,1,3,1,stereo,none,1,0,37.3,450,449,0.9977777777777778,1.767154088166096,0.6880842315045687,0,0,72.127,88.41648106904232,171.83073496659242,367.7733333333333,0.7711662135739119,0,0,65021,100477,0.0,,0.0,0.0
s1_L3_D1_rgbd_geom_r1,1,3,1,rgbd,geom,1,0,21.3,450,66,0.14666666666666667,0.531005184192386,1.0904240643689533,3,0,37.587,92.60606060606061,184.12121212121212,367.7733333333333,1.0,2928,3622,62093,96855,0.15333333333333332,0.44702290076335877,0.04503160517371311,0.03604805079769499
s1_L3_D1_stereo_flow_r1,1,3,1,stereo,flow,1,0,36.4,450,445,0.9888888888888889,1.7602446035830162,0.702993185976621,0,0,70.465,88.10561797752808,169.95505617977528,367.7733333333333,0.7711662135739119,1435,5244,63586,95233,0.9977777777777778,0.2148525228327594,0.022069792836160625,0.05219104869771191
s1_L3_D1_rgbd_none_r0,1,3,1,rgbd,none,0,0,23.2,450,209,0.46444444444444444,0.9121177213360535,0.6225822801106808,1,0,42.762,49.61722488038278,129.8133971291866,367.7733333333333,1.0,0,0,65021,100477,0.0,,0.0,0.0
s1_L3_D1_rgbd_none_r2,1,3,1,rgbd,none,2,0,22.3,450,177,0.3933333333333333,0.7533985964418912,0.6783073178915398,1,0,40.543,57.152542372881356,151.74576271186442,367.7733333333333,1.0,0,0,65021,100477,0.0,,0.0,0.0
s1_L3_D1_stereo_flow_r2,1,3,1,stereo,flow,2,0,39.3,450,445,0.9888888888888889,1.732873638904369,0.7064839176179848,0,0,77.951,86.29887640449438,168.1258426966292,367.7733333333333,0.7711662135739119,1474,5248,63547,95229,0.9977777777777778,0.21927997619756026,0.02266959905261377,0.05223085880350727
s1_L3_D1_stereo_none_r4,1,3,1,stereo,none,4,0,38.4,450,449,0.9977777777777778,1.825633748823126,0.7572393907613519,0,0,74.412,90.29398663697104,175.728285077951,367.7733333333333,0.7711662135739119,0,0,65021,100477,0.0,,0.0,0.0
s1_L3_D1_stereo_none_r2,1,3,1,stereo,none,2,0,35.4,450,449,0.9977777777777778,1.2659156706506718,0.571854578682372,0,0,68.903,84.4075723830735,166.27616926503342,367.7733333333333,0.7711662135739119,0,0,65021,100477,0.0,,0.0,0.0
s1_L3_D1_rgbd_none_r3,1,3,1,rgbd,none,3,0,21.2,450,137,0.30444444444444446,0.6503676326195782,0.7521097351442977,1,0,37.844,59.0,156.2919708029197,367.7733333333333,1.0,0,0,65021,100477,0.0,,0.0,0.0
s1_L3_D1_stereo_geom_r3,1,3,1,stereo,geom,3,0,29.4,450,114,0.25333333333333335,0.6865803830272247,0.7223544357689066,1,0,55.542,51.54385964912281,138.16666666666666,367.7733333333333,0.7711662135739119,7389,8788,57632,91689,0.25333333333333335,0.456759596958645,0.11364020854800756,0.08746280243239746
s1_L3_D1_stereo_geom_r1,1,3,1,stereo,geom,1,0,29.2,450,107,0.23777777777777778,0.6489815631492096,0.743239664898104,1,0,55.838,53.67289719626168,152.6822429906542,367.7733333333333,0.7711662135739119,5611,8975,59410,91502,0.23777777777777778,0.3846839435074729,0.0862951969363744,0.08932392487833037
s1_L3_D1_stereo_none_r3,1,3,1,stereo,none,3,0,36.2,450,449,0.9977777777777778,1.2300715536063738,0.6009043703986919,0,0,70.228,83.78173719376392,165.01559020044544,367.7733333333333,0.7711662135739119,0,0,65021,100477,0.0,,0.0,0.0
s1_L3_D1_stereo_flow_r3,1,3,1,stereo,flow,3,0,37.3,450,445,0.9888888888888889,1.6545894253613864,0.7136501253337788,0,0,73.591,90.32584269662921,172.74831460674156,367.7733333333333,0.7711662135739119,1474,5248,63547,95229,0.9977777777777778,0.21927997619756026,0.02266959905261377,0.05223085880350727
s1_L3_D1_rgbd_none_r4,1,3,1,rgbd,none,4,0,23.3,450,209,0.46444444444444444,0.9812269763404828,0.6344510023806476,1,0,41.255,50.110047846889955,139.9712918660287,367.7733333333333,1.0,0,0,65021,100477,0.0,,0.0,0.0
s1_L3_D1_rgbd_flow_r4,1,3,1,rgbd,flow,4,0,23.3,450,166,0.3688888888888889,0.9631656422952595,0.8889125176100985,1,0,43.335,58.8855421686747,155.23493975903614,367.7733333333333,1.0,1435,5252,63586,95225,0.9977777777777778,0.2145954837744878,0.022069792836160625,0.052270668909302626
s1_L3_D1_rgbd_geom_r2,1,3,1,rgbd,geom,2,0,19.2,450,60,0.13333333333333333,0.4961017820239912,1.0946195190912276,1,0,32.198,91.65,191.38333333333333,367.7733333333333,1.0,1797,3645,63224,96832,0.13333333333333333,0.3302094818081588,0.027637224896571878,0.03627695890601829
s1_L3_D1_stereo_geom_r0,1,3,1,stereo,geom,0,0,29.1,450,158,0.3511111111111111,0.7379488682992162,0.6595818255263689,1,0,55.881,46.63291139240506,132.90506329113924,367.7733333333333,0.7711662135739119,12489,13823,52532,86654,0.3511111111111111,0.47465034965034963,0.1920764060841882,0.137573773102302
s1_L3_D1_rgbd_none_r1,1,3,1,rgbd,none,1,0,24.1,450,209,0.46444444444444444,0.748136037416752,0.6072403197403525,1,0,44.173,48.3732057416268,137.8803827751196,367.7733333333333,1.0,0,0,65021,100477,0.0,,0.0,0.0
s1_L3_D1_stereo_geom_r4,1,3,1,stereo,geom,4,0,27.2,450,68,0.1511111111111111,0.5009167479079661,0.8462893567036242,1,0,50.712,65.6029411764706,167.22058823529412,367.7733333333333,0.7711662135739119,2857,7444,62164,93033,0.1511111111111111,0.277351713425881,0.04393965026683687,0.0740866068851578
s1_L3_D1_rgbd_geom_r4,1,3,1,rgbd,geom,4,0,19.2,450,63,0.14,0.5195367501592753,1.1682794364340765,1,0,32.221,79.58730158730158,170.55555555555554,367.7733333333333,1.0,2474,3777,62547,96700,0.14,0.3957766757318829,0.03804924562833546,0.03759069239726505
s1_L3_D1_rgbd_geom_r0,1,3,1,rgbd,geom,0,0,20.0,450,66,0.14666666666666667,0.5488150027339629,1.211662428602083,1,0,35.028,88.33333333333333,178.22727272727272,367.7733333333333,1.0,2606,3756,62415,96721,0.14666666666666667,0.4096196164728073,0.04007935897633073,0.03738168934183943
s1_L3_D1_stereo_none_r0,1,3,1,stereo,none,0,0,29.1,450,449,0.9977777777777778,1.2469096480912916,0.6014926995004153,0,0,57.189,84.88641425389756,166.33407572383072,367.7733333333333,0.7711662135739119,0,0,65021,100477,0.0,,0.0,0.0
s1_L3_D2_rgbd_flow_r4,1,3,2,rgbd,flow,4,0,32.1,450,281,0.6244444444444445,1.712836985774775,0.801216199885642,1,0,60.594,23.548042704626333,202.1779359430605,782.0133333333333,1.0,13633,14621,256036,67616,0.9977777777777778,0.4825157499823034,0.05055456874909611,0.17779101864124422
s1_L3_D2_stereo_none_r1,1,3,2,stereo,none,1,0,46.2,450,450,1.0,2.3020279054510655,0.7132268687278799,0,0,92.252,35.51555555555556,245.49777777777777,782.02,0.7194236152287916,0,0,269673,82236,0.0,,0.0,0.0
s1_L3_D2_stereo_geom_r1,1,3,2,stereo,geom,1,0,47.4,450,281,0.6244444444444445,1.196075272827323,0.7320917674095718,1,0,94.149,40.32384341637011,195.355871886121,782.0266666666666,0.7195457463609433,57679,14691,212009,67533,0.6222222222222222,0.7970015199668371,0.2138730681379965,0.17867046117921775
s1_L3_D2_rgbd_none_r2,1,3,2,rgbd,none,2,0,26.3,450,281,0.6244444444444445,1.5969772084600626,0.8451752680456414,1,0,49.352,33.85053380782918,218.95017793594306,782.0133333333333,1.0,0,0,269698,82208,0.0,,0.0,0.0
s1_L3_D2_rgbd_geom_r3,1,3,2,rgbd,geom,3,0,20.1,450,22,0.04888888888888889,,,1,0,34.733,77.4090909090909,234.86363636363637,782.0266666666666,1.0,4915,1815,264743,80439,0.04888888888888889,0.7303120356612184,0.018226790972268578,0.022065796192282442
s1_L3_D2_rgbd_none_r4,1,3,2,rgbd,none,4,0,25.1,450,281,0.6244444444444445,1.9413434137453016,0.7609757161653605,1,0,46.43,23.576512455516013,210.76512455516016,782.0155555555556,1.0,0,0,269691,82216,0.0,,0.0,0.0
s1_L3_D2_stereo_none_r4,1,3,2,stereo,none,4,0,44.4,450,450,1.0,2.428220637169072,0.721939335390193,0,0,88.856,34.05111111111111,247.50222222222223,782.0133333333333,0.7195167090213891,0,0,269667,82239,0.0,,0.0,0.0
s1_L3_D2_rgbd_flow_r3,1,3,2,rgbd,flow,3,0,31.3,450,281,0.6244444444444445,1.901659051045002,0.8358529674512011,1,0,59.515,27.551601423487543,199.80427046263344,782.0266666666666,1.0,13761,14719,255935,67497,0.9977777777777778,0.4831811797752809,0.051024116041765544,0.17902841296098082
s1_L3_D2_rgbd_none_r1,1,3,2,rgbd,none,1,0,25.3,450,281,0.6244444444444445,1.662869829093112,0.7132713883654266,1,0,47.445,24.87900355871886,205.52313167259786,782.0177777777777,1.0,0,0,269685,82223,0.0,,0.0,0.0
s1_L3_D2_rgbd_none_r3,1,3,2,rgbd,none,3,0,26.2,450,281,0.6244444444444445,1.7135836569219107,0.770329446784384,1,0,49.45,28.348754448398576,202.711743772242,782.02,1.0,0,0,269679,82230,0.0,,0.0,0.0
s1_L3_D2_rgbd_geom_r4,1,3,2,rgbd,geom,4,0,19.2,450,22,0.04888888888888889,,,1,0,33.617,83.27272727272727,228.5909090909091,782.0244444444445,1.0,5405,1848,264240,80418,0.04888888888888889,0.7452088790845167,0.020044873815572326,0.022463715265115602
s1_L3_D2_rgbd_geom_r1,1,3,2,rgbd,geom,1,0,20.0,450,19,0.042222222222222223,,,1,0,33.995,81.73684210526316,236.57894736842104,782.0266666666666,1.0,4517,1581,265141,80673,0.042222222222222223,0.7407346671039685,0.016750847369631162,0.019220949741046028
s1_L3_D2_rgbd_none_r0,1,3,2,rgbd,none,0,0,30.2,450,450,1.0,1.7222202333728436,0.8121266514378499,0,0,58.09,32.913333333333334,235.76,782.0222222222222,1.0,0,0,269708,82202,0.0,,0.0,0.0
s1_L3_D2_stereo_flow_r0,1,3,2,stereo,flow,0,0,45.3,450,281,0.6244444444444445,1.4853264757028455,0.7242386716681942,1,0,90.608,31.676156583629894,241.70106761565836,782.0244444444445,0.7194592040370272,13577,14905,256095,67334,0.9977777777777778,0.4766870304051682,0.05034634667299534,0.18124004426123858
s1_L3_D2_stereo_geom_r2,1,3,2,stereo,geom,2,0,45.4,450,281,0.6244444444444445,1.1029132879060268,0.7080972485144432,1,0,91.102,40.64768683274021,197.48754448398577,782.0222222222222,0.7195413743353073,54508,14731,215166,67505,0.6244444444444445,0.7872441831915539,0.20212552934283617,0.17913079429933362
s1_L3_D2_stereo_flow_r2,1,3,2,stereo,flow,2,0,46.3,450,281,0.6244444444444445,1.4914218977913725,0.702754877119922,1,0,92.341,27.209964412811388,241.06405693950177,782.0311111111112,0.7195674326563757,13520,14865,256174,67355,0.9977777777777778,0.47630790910692267,0.0501308890817,0.1807954269034298
s1_L3_D2_stereo_flow_r1,1,3,2,stereo,flow,1,0,49.3,450,450,1.0,2.467071799254669,0.7703817910812758,0,0,100.416,24.022222222222222,242.56,782.0177777777777,0.7195006094099805,12993,14850,256698,67367,0.9977777777777778,0.46665230039866396,0.0481773585325428,0.1806195798922364
s1_L3_D2_rgbd_flow_r1,1,3,2,rgbd,flow,1,0,31.3,450,281,0.6244444444444445,1.928955478271784,0.7337971928120106,1,0,60.09,21.8576512455516,210.00711743772243,782.0155555555556,1.0,14002,14794,255671,67440,0.9977777777777778,0.48624809001250174,0.05192214274324831,0.1799012573874553
s1_L3_D2_stereo_flow_r4,1,3,2,stereo,flow,4,0,49.4,450,450,1.0,2.4399278984072867,0.7629406374367311,0,0,99.876,31.022222222222222,245.9088888888889,782.0155555555556,0.7195200055585679,13190,14811,256512,67394,0.9977777777777778,0.47105460519267167,0.0489058293968899,0.1801715224134785
s1_L3_D2_stereo_none_r0,1,3,2,stereo,none,0,0,45.4,450,450,1.0,2.462426935748543,0.7325140717892803,0,0,90.218,34.49333333333333,254.2577777777778,782.0266666666666,0.7195263009505435,0,0,269678,82234,0.0,,0.0,0.0
s1_L3_D2_stereo_geom_r4,1,3,2,stereo,geom,4,0,45.4,450,281,0.6244444444444445,0.9557965370480115,0.6686359879972124,1,0,90.397,38.84341637010676,194.4270462633452,782.0266666666666,0.7196405979790403,55307,14188,214375,68042,0.6244444444444445,0.7958414274408231,0.20508228209520843,0.1725404353642223
s1_L3_D2_stereo_none_r2,1,3,2,stereo,none,2,0,45.3,450,450,1.0,2.5948548685175843,0.7976586893922418,0,0,91.541,42.117777777777775,261.43111111111114,782.0066666666667,0.7195463008162403,0,0,269700,82203,0.0,,0.0,0.0
s1_L3_D2_rgbd_geom_r2,1,3,2,rgbd,geom,2,0,19.2,450,33,0.07333333333333333,0.48938980114198405,0.936271174909179,2,0,33.582,69.57575757575758,230.0,782.0222222222222,1.0,8241,2965,261424,79280,0.07555555555555556,0.7354096019989291,0.03056013943225854,0.036050823758283175
s1_L3_D2_stereo_none_r3,1,3,2,stereo,none,3,0,40.3,450,281,0.6244444444444445,1.2773558997842531,0.6591111543993065,1,0,81.16,33.412811387900355,240.8932384341637,782.02,0.7195681455010152,0,0,269670,82239,0.0,,0.0,0.0
s1_L3_D2_rgbd_flow_r0,1,3,2,rgbd,flow,0,0,31.3,450,281,0.6244444444444445,1.9044654560947512,0.7908501416563496,1,0,60.054,23.818505338078293,203.6832740213523,782.0133333333333,1.0,13797,14563,255887,67659,0.9977777777777778,0.4864950634696756,0.05115987600302576,0.1771180462649899
s1_L3_D2_stereo_geom_r0,1,3,2,stereo,geom,0,0,37.4,450,23,0.051111111111111114,,,1,0,74.086,86.0,229.47826086956522,782.0311111111112,0.7194985326825986,5662,1795,263996,80461,0.051111111111111114,0.7592865763711949,0.02099696652797247,0.021822116319782144
s1_L3_D2_rgbd_geom_r0,1,3,2,rgbd,geom,0,0,20.0,450,33,0.07333333333333333,0.5146067751234685,0.9733217002621355,1,0,36.028,69.06060606060606,223.4848484848485,782.02,1.0,8112,2948,261548,79301,0.07333333333333333,0.7334538878842677,0.03008232589186383,0.03584238106238374
s1_L3_D2_stereo_flow_r3,1,3,2,stereo,flow,3,0,45.3,450,281,0.6244444444444445,1.4378143163492267,0.749894672854579,1,0,90.395,27.94306049822064,239.5444839857651,782.0133333333333,0.7195608177277611,13179,14040,256501,68186,0.9977777777777778,0.48418384216907306,0.04886902996143577,0.17074891153649696
s1_L3_D2_rgbd_flow_r2,1,3,2,rgbd,flow,2,0,30.2,450,281,0.6244444444444445,1.9070126424119225,0.7198002317539142,1,0,56.81,21.765124555160142,203.8932384341637,782.02,1.0,13101,14500,256572,67736,0.9977777777777778,0.47465671533640086,0.0485810592829093,0.17632180553528867
s1_L3_D2_stereo_geom_r3,1,3,2,stereo,geom,3,0,41.2,450,158,0.3511111111111111,0.7891738928713489,0.6899661184004734,1,0,82.263,42.107594936708864,217.91772151898735,782.0155555555556,0.7195445343552757,39340,9516,230313,72738,0.3511111111111111,0.8052235140003275,0.14589120091376695,0.11569042235028083
s2_L0_D0_rgbd_none_r2,2,0,0,rgbd,none,2,0,33.7,450,450,1.0,0.01503123502545816,0.01358214484344197,0,0,65.583,378.61333333333334,378.61333333333334,1001.6288888888889,1.0,0,0,0,450733,0.0,,,0.0
s2_L0_D0_rgbd_none_r4,2,0,0,rgbd,none,4,0,34.7,450,450,1.0,0.016268124593807363,0.012348761128679647,0,0,65.989,367.5777777777778,367.5777777777778,1001.7466666666667,1.0,0,0,0,450786,0.0,,,0.0
s2_L0_D0_rgbd_none_r1,2,0,0,rgbd,none,1,0,34.3,450,450,1.0,0.02159263728214283,0.014185483028157392,0,0,66.349,375.1377777777778,375.1377777777778,1001.8133333333334,1.0,0,0,0,450816,0.0,,,0.0
s2_L0_D0_stereo_none_r3,2,0,0,stereo,none,3,0,46.4,450,450,1.0,0.005842709346375975,0.009866768842753754,0,0,91.489,323.27777777777777,323.27777777777777,1001.7377777777778,0.5027759680213546,0,0,0,450782,0.0,,,0.0
s2_L0_D0_rgbd_geom_r3,2,0,0,rgbd,geom,3,0,51.5,450,450,1.0,0.025968023020856622,0.017516284441173962,0,0,102.235,360.8666666666667,360.8666666666667,1001.7555555555556,1.0,0,37981,0,412809,0.9977777777777778,0.0,,0.08425430910179907
s2_L0_D0_rgbd_flow_r4,2,0,0,rgbd,flow,4,0,39.4,450,450,1.0,0.020067537790235197,0.01296737129846266,0,0,77.98,383.14444444444445,383.14444444444445,1001.7177777777778,1.0,0,4111,0,446662,0.9977777777777778,0.0,,0.009119889611844543
s2_L0_D0_stereo_geom_r0,2,0,0,stereo,geom,0,0,52.5,450,450,1.0,0.008585406629334134,0.008814165851358228,0,0,106.825,268.71777777777777,268.71777777777777,1001.6933333333334,0.5029591686779635,0,59277,0,391485,0.9977777777777778,0.0,,0.13150398658271992
s2_L0_D0_stereo_geom_r4,2,0,0,stereo,geom,4,0,53.4,450,450,1.0,0.00817327856856851,0.00862263469591726,0,0,107.737,270.1111111111111,270.1111111111111,1001.5955555555555,0.5028877689033389,0,60280,0,390438,0.9977777777777778,0.0,,0.13374216250515844
s2_L0_D0_stereo_geom_r1,2,0,0,stereo,geom,1,0,52.4,450,450,1.0,0.0069984917473255885,0.006805634503731585,0,0,105.412,270.08,270.08,1001.8955555555556,0.5028571144099975,0,60547,0,390306,0.9977777777777778,0.0,,0.1342943265321513
s2_L0_D0_rgbd_flow_r0,2,0,0,rgbd,flow,0,0,38.4,450,450,1.0,0.022201821225685016,0.014325825359305407,0,0,75.855,373.4844444444444,373.4844444444444,1001.72,1.0,0,4362,0,446412,0.9977777777777778,0.0,,0.009676689427518002
s2_L0_D0_rgbd_geom_r0,2,0,0,rgbd,geom,0,0,49.3,450,450,1.0,0.022785308078809404,0.01801224931176219,0,0,98.991,349.3377777777778,349.3377777777778,1001.7222222222222,1.0,0,41583,0,409192,0.9977777777777778,0.0,,0.09224779546336864
s2_L0_D0_stereo_flow_r0,2,0,0,stereo,flow,0,0,50.3,450,450,1.0,0.006384592198513817,0.008834261202760884,0,0,102.003,316.54,316.54,1001.7688888888889,0.5029421724381518,0,4504,0,446292,0.9977777777777778,0.0,,0.009991215538735925
s2_L0_D0_stereo_none_r4,2,0,0,stereo,none,4,0,45.4,450,450,1.0,0.006577687200001897,0.00848174857974079,0,0,90.869,322.7133333333333,322.7133333333333,1001.6044444444444,0.5032596260402524,0,0,0,450722,0.0,,,0.0
s2_L0_D0_rgbd_none_r0,2,0,0,rgbd,none,0,0,34.4,450,450,1.0,0.016518050149730394,0.013029601827961057,0,0,65.991,378.84444444444443,378.84444444444443,1001.7022222222222,1.0,0,0,0,450766,0.0,,,0.0
s2_L0_D0_rgbd_none_r3,2,0,0,rgbd,none,3,0,34.3,450,450,1.0,0.02363585381449343,0.015162510910385356,0,0,66.55,383.9977777777778,383.9977777777778,1001.7177777777778,1.0,0,0,0,450773,0.0,,,0.0
s2_L0_D0_stereo_geom_r3,2,0,0,stereo,geom,3,0,52.6,450,450,1.0,0.0065270523799615034,0.00789439550410977,0,0,106.424,263.1777777777778,263.1777777777778,1001.7955555555556,0.5029385461759245,0,58613,0,392195,0.9977777777777778,0.0,,0.13001765718443328
s2_L0_D0_stereo_none_r1,2,0,0,stereo,none,1,0,46.3,450,450,1.0,0.007714257149094828,0.008468328102957097,0,0,92.463,326.24666666666667,326.24666666666667,1001.7822222222222,0.5029930077007673,0,0,0,450802,0.0,,,0.0
s2_L0_D0_stereo_flow_r4,2,0,0,stereo,flow,4,0,51.3,450,450,1.0,0.006061112352477346,0.00841713927202403,0,0,103.487,325.31111111111113,325.31111111111113,1001.7177777777778,0.5029022945633674,0,4426,0,446347,0.9977777777777778,0.0,,0.009818689229390403
s2_L0_D0_stereo_geom_r2,2,0,0,stereo,geom,2,0,53.4,450,450,1.0,0.006085607114309821,0.00661125188418612,0,0,108.548,274.6066666666667,274.6066666666667,1001.7177777777778,0.5027916533385689,0,60780,0,389993,0.9977777777777778,0.0,,0.1348350500140869
s2_L0_D0_stereo_none_r2,2,0,0,stereo,none,2,0,46.3,450,450,1.0,0.006884138964650009,0.007433408129567004,0,0,93.101,328.5711111111111,328.5711111111111,1001.7444444444444,0.5030002633345083,0,0,0,450785,0.0,,,0.0
s2_L0_D0_rgbd_geom_r2,2,0,0,rgbd,geom,2,0,48.4,450,450,1.0,0.020746454251522238,0.01607176827686651,0,0,97.858,351.4377777777778,351.4377777777778,1001.7311111111111,1.0,0,42554,0,408225,0.9977777777777778,0.0,,0.09440102577981671
s2_L0_D0_stereo_flow_r1,2,0,0,stereo,flow,1,0,50.4,450,450,1.0,0.006152333063379596,0.008213444426692047,0,0,101.356,320.9511111111111,320.9511111111111,1001.8088888888889,0.5027853074245218,0,4138,0,446676,0.9977777777777778,0.0,,0.00917895185153966
s2_L0_D0_rgbd_geom_r4,2,0,0,rgbd,geom,4,0,49.4,450,450,1.0,0.02241995751471414,0.018718416353912328,0,0,98.313,350.4222222222222,350.4222222222222,1001.5977777777778,1.0,0,44278,0,406441,0.9977777777777778,0.0,,0.0982385921161522
s2_L0_D0_stereo_flow_r2,2,0,0,stereo,flow,2,0,50.4,450,450,1.0,0.005659115033871222,0.007974889664750599,0,0,102.167,319.4844444444444,319.4844444444444,1001.7622222222222,0.5030103952250421,0,4282,0,446511,0.9977777777777778,0.0,,0.009498816529981611
s2_L0_D0_stereo_flow_r3,2,0,0,stereo,flow,3,0,50.4,450,450,1.0,0.005605663686914667,0.007382855281442973,0,0,101.885,322.6044444444444,322.6044444444444,1001.6511111111112,0.5030231123093964,0,4945,0,445798,0.9977777777777778,0.0,,0.01097077492052012
s2_L0_D0_rgbd_geom_r1,2,0,0,rgbd,geom,1,0,49.3,450,450,1.0,0.02484844042614158,0.017802739817772625,0,0,99.186,338.03333333333336,338.03333333333336,1001.5666666666667,1.0,0,41141,0,409564,0.9977777777777778,0.0,,0.0912814368600304
s2_L0_D0_stereo_none_r0,2,0,0,stereo,none,0,0,45.4,450,450,1.0,0.006299684381328703,0.006830921566158636,0,0,91.388,322.1822222222222,322.1822222222222,1001.7666666666667,0.502657197878853,0,0,0,450795,0.0,,,0.0
s2_L0_D0_rgbd_flow_r2,2,0,0,rgbd,flow,2,0,39.3,450,450,1.0,0.02404315826767019,0.01522377134168224,0,0,78.61,376.3355555555556,376.3355555555556,1001.5955555555555,1.0,0,4659,0,446059,0.9977777777777778,0.0,,0.010336840330317405
s2_L0_D0_rgbd_flow_r3,2,0,0,rgbd,flow,3,0,39.4,450,450,1.0,0.02446476980037984,0.01634439316864542,0,0,77.164,373.4511111111111,373.4511111111111,1001.6755555555555,1.0,0,3867,0,446887,0.9977777777777778,0.0,,0.008578958811236284
s2_L0_D0_rgbd_flow_r1,2,0,0,rgbd,flow,1,0,33.3,450,450,1.0,0.018637883322676796,0.013362073256437214,0,0,63.105,375.6822222222222,375.6822222222222,1001.7266666666667,1.0,0,4556,0,446221,0.9977777777777778,0.0,,0.010106993036468143
s2_L0_D1_stereo_none_r0,2,0,1,stereo,none,0,0,47.2,450,450,1.0,0.008853915995750737,0.008617192268142294,0,0,93.603,302.74,307.06888888888886,1003.1,0.5023177569570363,0,0,24955,426440,0.0,,0.0,0.0
s2_L0_D1_stereo_flow_r1,2,0,1,stereo,flow,1,0,51.3,450,450,1.0,0.00839408726145376,0.009065226710711173,0,0,103.862,303.49333333333334,307.1977777777778,1003.1044444444444,0.502317986606003,3368,4692,21612,421725,0.9977777777777778,0.41786600496277915,0.13482786228983187,0.011003313657757547
s2_L0_D1_stereo_geom_r0,2,0,1,stereo,geom,0,0,54.4,450,450,1.0,0.008880844715741042,0.007391261908725223,0,0,110.093,267.34222222222223,271.78222222222223,1002.9888888888889,0.5025180078444121,4719,55095,20232,371299,0.9977777777777778,0.07889457317684823,0.1891306961644824,0.1292114804617326
s2_L0_D1_rgbd_none_r1,2,0,1,rgbd,none,1,0,36.4,450,450,1.0,0.01969917036137074,0.014341542830918964,0,0,69.928,349.87111111111113,355.8822222222222,1003.06,1.0,0,0,25013,426364,0.0,,0.0,0.0
s2_L0_D1_rgbd_none_r2,2,0,1,rgbd,none,2,0,36.3,450,450,1.0,0.017594974183778356,0.013199153114940394,0,0,70.009,345.5444444444444,351.55555555555554,1003.0822222222222,1.0,0,0,25004,426383,0.0,,0.0,0.0
s2_L0_D1_stereo_geom_r1,2,0,1,stereo,geom,1,0,57.4,450,450,1.0,0.0071794774113719435,0.008486654950670686,0,0,117.321,263.2422222222222,267.4822222222222,1003.0666666666667,0.5024260115346828,4429,54813,20535,371603,0.9977777777777778,0.07476114918470005,0.17741547828873577,0.1285434880492289
s2_L0_D1_rgbd_geom_r1,2,0,1,rgbd,geom,1,0,47.4,450,450,1.0,0.020853259622263753,0.015505228670644754,0,0,95.933,321.2888888888889,324.08444444444444,1003.0222222222222,1.0,14205,38656,10768,387731,0.9977777777777778,0.26872363368078545,0.5688143194650223,0.09065942441960004
s2_L0_D1_stereo_geom_r2,2,0,1,stereo,geom,2,0,52.4,450,450,1.0,0.007238780487014379,0.006516816562275685,0,0,105.473,263.0933333333333,267.32666666666665,1003.2022222222222,0.5024345100459888,4434,54679,20553,371775,0.9977777777777778,0.07500888129514659,0.1774522751830952,0.1282178148170729
s2_L0_D1_rgbd_none_r4,2,0,1,rgbd,none,4,0,33.3,450,450,1.0,0.017187538686972488,0.013012247265491007,0,0,64.86,350.6488888888889,356.75111111111113,1003.0711111111111,1.0,0,0,24976,426406,0.0,,0.0,0.0
s2_L0_D1_stereo_flow_r3,2,0,1,stereo,flow,3,0,50.3,450,450,1.0,0.00704728067188638,0.007523792992442148,0,0,102.203,303.75333333333333,307.78,1003.0733333333334,0.5021805067991435,2937,5368,22041,421037,0.9977777777777778,0.3536423841059603,0.11758347345664184,0.012588970579613279
s2_L0_D1_stereo_none_r2,2,0,1,stereo,none,2,0,46.3,450,450,1.0,0.009244430845329298,0.00937534501959525,0,0,93.445,309.49555555555554,314.03555555555556,1003.1222222222223,0.502341797049405,0,0,24992,426413,0.0,,0.0,0.0
s2_L0_D1_stereo_geom_r4,2,0,1,stereo,geom,4,0,53.5,450,450,1.0,0.006031953132833329,0.007657997336629414,0,0,108.138,262.0288888888889,266.0511111111111,1003.1266666666667,0.5023295477522456,4705,55886,20267,370549,0.9977777777777778,0.07765179647142315,0.18841102034278392,0.1310539707106593
s2_L0_D1_stereo_geom_r3,2,0,1,stereo,geom,3,0,53.5,450,450,1.0,0.0046592294214363415,0.006769244532884082,0,0,107.703,261.62666666666667,266.1644444444444,1003.0088888888889,0.5023486141423695,4630,54283,20321,372120,0.9977777777777778,0.0785904639044014,0.1855637048615286,0.12730445142271513
s2_L0_D1_stereo_none_r1,2,0,1,stereo,none,1,0,46.3,450,450,1.0,0.007729218081987075,0.00823099519584061,0,0,92.577,307.1,311.58222222222224,1003.0733333333334,0.502410214072855,0,0,25003,426380,0.0,,0.0,0.0
s2_L0_D1_stereo_flow_r0,2,0,1,stereo,flow,0,0,49.7,450,450,1.0,0.007435129744385209,0.007700310830118202,0,0,101.086,300.9511111111111,304.90222222222224,1003.0911111111111,0.5024950700109362,2773,5273,22201,421144,0.9977777777777778,0.3446433010191399,0.1110354768959718,0.01236582969253102
s2_L0_D1_rgbd_none_r0,2,0,1,rgbd,none,0,0,34.3,450,450,1.0,0.01851417572649722,0.012980450186304808,0,0,65.21,343.70666666666665,349.3222222222222,1003.0911111111111,1.0,0,0,24980,426411,0.0,,0.0,0.0
s2_L0_D1_stereo_flow_r4,2,0,1,stereo,flow,4,0,51.6,450,450,1.0,0.011162882225013281,0.010662885862759517,0,0,104.508,308.72444444444443,312.6044444444444,1002.9955555555556,0.5022820214672203,2967,4896,22004,421481,0.9977777777777778,0.3773368943151469,0.11881782868127028,0.01148279574179658
s2_L0_D1_stereo_flow_r2,2,0,1,stereo,flow,2,0,51.5,450,450,1.0,0.008975374886910185,0.008910778562061704,0,0,104.139,298.6533333333333,302.52666666666664,1003.0666666666667,0.5024220969659935,3360,5168,21637,421215,0.9977777777777778,0.39399624765478425,0.13441612993559227,0.012120558277417252
s2_L0_D1_rgbd_flow_r3,2,0,1,rgbd,flow,3,0,39.4,450,450,1.0,0.01824195278639381,0.013258289464550023,0,0,77.405,339.86,345.3066666666667,1003.0466666666666,1.0,2830,5186,22138,421217,0.9977777777777778,0.3530439121756487,0.11334508170458187,0.01216220336160862
s2_L0_D1_rgbd_geom_r2,2,0,1,rgbd,geom,2,0,48.4,450,450,1.0,0.02123325910730065,0.016275510272138013,0,0,97.799,327.12,329.9866666666667,1003.0711111111111,1.0,14915,39746,10013,386708,0.9977777777777778,0.27286365050035677,0.5983231707317073,0.09320114244443715
s2_L0_D1_stereo_none_r4,2,0,1,stereo,none,4,0,46.3,450,450,1.0,0.006397636763179687,0.007108916645935912,0,0,91.995,310.53555555555556,314.81333333333333,1003.0622222222222,0.5023060985629679,0,0,24974,426404,0.0,,0.0,0.0
s2_L0_D1_rgbd_flow_r1,2,0,1,rgbd,flow,1,0,39.4,450,450,1.0,0.0209535502581935,0.015465623797444403,0,0,76.612,347.5311111111111,352.81111111111113,1003.1422222222222,1.0,2925,4717,22040,421732,0.9977777777777778,0.38275320596702433,0.1171640296414981,0.011061111645237766
s2_L0_D1_rgbd_none_r3,2,0,1,rgbd,none,3,0,34.3,450,450,1.0,0.019039916130417642,0.013444603873039893,0,0,66.736,352.78222222222223,358.87555555555554,1003.1244444444444,1.0,0,0,24988,426418,0.0,,0.0,0.0
s2_L0_D1_rgbd_flow_r0,2,0,1,rgbd,flow,0,0,39.5,450,450,1.0,0.016712502359487413,0.012999181857636708,0,0,77.881,347.1,352.7888888888889,1003.0177777777777,1.0,3028,5269,21998,421063,0.9977777777777778,0.36495118717608777,0.12099416606729002,0.012358912772205698
s2_L0_D1_stereo_none_r3,2,0,1,stereo,none,3,0,45.4,450,450,1.0,0.009386686425509974,0.01198452863547484,0,0,91.287,308.41777777777776,312.68888888888887,1003.1177777777777,0.5023256510400032,0,0,24973,426430,0.0,,0.0,0.0
s2_L0_D1_rgbd_flow_r4,2,0,1,rgbd,flow,4,0,38.2,450,450,1.0,0.019025217523517508,0.015004218820964005,0,0,74.123,340.61555555555555,345.8066666666667,1003.1444444444444,1.0,2983,5056,22004,421372,0.9977777777777778,0.3710660529916656,0.11938207868091408,0.011856632303694879
s2_L0_D1_rgbd_geom_r3,2,0,1,rgbd,geom,3,0,48.5,450,450,1.0,0.024083256703846756,0.018240219385634384,0,0,97.815,327.80444444444447,330.8,1003.2,1.0,15013,41779,9937,384711,0.9977777777777778,0.2643506127623609,0.6017234468937875,0.09796009285094609
s2_L0_D1_rgbd_geom_r4,2,0,1,rgbd,geom,4,0,47.3,450,450,1.0,0.022840712836190075,0.017804658031140563,0,0,95.583,330.03555555555556,332.80444444444447,1003.0666666666667,1.0,15170,41295,9817,385098,0.9977777777777778,0.2686620030107146,0.6071157001640853,0.09684727469728631
s2_L0_D1_rgbd_flow_r2,2,0,1,rgbd,flow,2,0,39.3,450,450,1.0,0.01887716240999539,0.013737320062216899,0,0,76.774,351.91777777777776,357.65555555555557,1003.0555555555555,1.0,3233,4939,21776,421427,0.9977777777777778,0.3956191874694077,0.12927346155384062,0.011583944310756487
s2_L0_D1_rgbd_geom_r0,2,0,1,rgbd,geom,0,0,47.3,450,450,1.0,0.023145615047133115,0.019341005907566836,0,0,94.975,315.2733333333333,318.03333333333336,1002.9888888888889,1.0,14089,44603,10935,381718,0.9977777777777778,0.24004975124378108,0.5630195012787724,0.10462304226158224
s2_L0_D2_rgbd_none_r1,2,0,2,rgbd,none,1,0,31.7,450,450,1.0,0.23521346647427904,0.21361523711131758,0,0,60.785,280.3177777777778,304.27777777777777,1002.5444444444445,1.0,0,0,79949,371196,0.0,,0.0,0.0
s2_L0_D2_stereo_flow_r4,2,0,2,stereo,flow,4,0,53.1,450,450,1.0,0.13267713665980574,0.16086940483912004,0,0,106.327,277.74444444444447,293.0911111111111,1002.5111111111111,0.47824754322931323,19647,11628,60255,359600,0.9977777777777778,0.6282014388489209,0.24588871367425097,0.031323068303037487
s2_L0_D2_stereo_geom_r3,2,0,2,stereo,geom,3,0,52.5,450,450,1.0,0.15867619326247748,0.16412795793301585,0,0,106.135,236.10222222222222,255.08666666666667,1002.4911111111111,0.47808753532880915,9944,47382,69959,323836,0.9977777777777778,0.17346404772703486,0.12445089671226361,0.12763928473296016
s2_L0_D2_rgbd_flow_r0,2,0,2,rgbd,flow,0,0,40.4,450,450,1.0,0.07684136538863458,0.11511250478340845,0,0,79.837,303.9822222222222,322.9688888888889,1002.46,1.0,18483,11854,61471,359299,0.9977777777777778,0.6092560239970992,0.2311704229932211,0.03193831115469901
s2_L0_D2_rgbd_geom_r2,2,0,2,rgbd,geom,2,0,48.4,450,450,1.0,0.023874463297745136,0.02380500341009795,0,0,96.029,291.74888888888887,301.62,1002.5466666666666,1.0,44866,27965,35004,343311,0.9977777777777778,0.6160288887973527,0.5617378239639415,0.07532132429782695
s2_L0_D2_stereo_none_r1,2,0,2,stereo,none,1,0,46.5,450,450,1.0,0.1337818266554782,0.16566933757603444,0,0,93.6,277.47333333333336,296.71777777777777,1002.5266666666666,0.4781608005601341,0,0,79960,371177,0.0,,0.0,0.0
s2_L0_D2_stereo_geom_r4,2,0,2,stereo,geom,4,0,53.4,450,450,1.0,0.14340994107042696,0.16785362527286288,0,0,107.457,242.14666666666668,260.7688888888889,1002.4733333333334,0.47822906339185994,9788,48088,70123,323114,0.9977777777777778,0.1691201879881125,0.12248626597089261,0.12954671580433294
s2_L0_D2_rgbd_none_r3,2,0,2,rgbd,none,3,0,34.4,450,450,1.0,0.10478961643778878,0.1317515413083869,0,0,65.303,296.4288888888889,317.81555555555553,1002.5133333333333,1.0,0,0,79946,371185,0.0,,0.0,0.0
s2_L0_D2_stereo_flow_r2,2,0,2,stereo,flow,2,0,51.4,450,450,1.0,0.13914715820886098,0.17846800046901257,0,0,104.273,276.3022222222222,292.15777777777777,1002.5355555555556,0.4783202856726193,19051,10520,60830,360740,0.9977777777777778,0.6442460518751479,0.23849225723263354,0.028335937079135915
s2_L0_D2_rgbd_geom_r1,2,0,2,rgbd,geom,1,0,47.4,450,450,1.0,0.027876038326223155,0.02817460195747438,0,0,94.533,275.75111111111113,284.64,1002.36,1.0,46483,32505,33440,338634,0.9977777777777778,0.5884817947029929,0.581597287389112,0.08758174161163337
s2_L0_D2_stereo_geom_r2,2,0,2,stereo,geom,2,0,53.4,450,450,1.0,0.1278004247994632,0.11311078332997984,0,0,107.148,239.9488888888889,257.56666666666666,1002.5288888888889,0.47822976687117513,9340,49015,70591,322192,0.9977777777777778,0.16005483677491217,0.11685078380102838,0.13204222980708877
s2_L0_D2_stereo_none_r0,2,0,2,stereo,none,0,0,47.4,450,450,1.0,0.15623251553939743,0.17899625015279585,0,0,93.992,280.05333333333334,299.99111111111114,1002.5711111111111,0.47824028383208916,0,0,79845,371312,0.0,,0.0,0.0
s2_L0_D2_rgbd_geom_r4,2,0,2,rgbd,geom,4,0,48.4,450,450,1.0,0.03374156845534864,0.03218854209888074,0,0,97.795,299.40444444444444,309.2311111111111,1002.4844444444444,1.0,45534,25932,34374,345278,0.9977777777777778,0.6371421375199395,0.5698303048505782,0.0698580318418146
s2_L0_D2_rgbd_flow_r4,2,0,2,rgbd,flow,4,0,39.4,450,450,1.0,0.09884307685558469,0.13650717361982234,0,0,78.129,308.6622222222222,328.1022222222222,1002.5355555555556,1.0,19768,11666,60176,359531,0.9977777777777778,0.6288731946300185,0.24727309116381466,0.0314280557224331
s2_L0_D2_rgbd_geom_r3,2,0,2,rgbd,geom,3,0,48.4,450,450,1.0,0.020226266734376063,0.017943475659788096,0,0,97.035,287.12666666666667,295.98,1002.5222222222222,1.0,47128,31807,32807,339393,0.9977777777777778,0.5970482042186609,0.5895790329642835,0.08568696120689655
s2_L0_D2_stereo_none_r4,2,0,2,stereo,none,4,0,45.4,450,450,1.0,0.11423527372257564,0.14349779686886383,0,0,91.524,277.7711111111111,296.9866666666667,1002.4977777777777,0.4782541862042773,0,0,79926,371198,0.0,,0.0,0.0
s2_L0_D2_stereo_geom_r1,2,0,2,stereo,geom,1,0,53.4,450,450,1.0,0.14565391151141785,0.13129176965033978,0,0,107.179,239.10444444444445,256.6222222222222,1002.5733333333334,0.4782133175793745,10230,47946,69680,323302,0.9977777777777778,0.1758457095709571,0.12801902139907395,0.1291481704951946
s2_L0_D2_rgbd_geom_r0,2,0,2,rgbd,geom,0,0,48.4,450,450,1.0,0.025780113628604228,0.020971861115941556,0,0,97.724,281.6044444444444,291.0511111111111,1002.5177777777777,1.0,45518,30225,34417,340973,0.9977777777777778,0.6009532234001822,0.5694376681053356,0.08142554647384953
s2_L0_D2_stereo_flow_r1,2,0,2,stereo,flow,1,0,53.4,450,450,1.0,0.11330730407129995,0.1466714419296455,0,0,108.299,278.29333333333335,294.47777777777776,1002.5444444444445,0.47808859169107476,19138,11587,60804,359616,0.9977777777777778,0.6228803905614321,0.2393985639588702,0.031214726174088034
s2_L0_D2_stereo_flow_r0,2,0,2,stereo,flow,0,0,54.5,450,450,1.0,0.08937314813641291,0.12648650945933992,0,0,110.519,281.02444444444444,296.6933333333333,1002.4444444444445,0.4783409987799222,18838,11716,61102,359444,0.9977777777777778,0.6165477515218957,0.2356517388041031,0.03156590149800625
s2_L0_D2_rgbd_none_r4,2,0,2,rgbd,none,4,0,34.3,450,450,1.0,0.14564792242048033,0.17708758611253966,0,0,66.268,293.31555555555553,315.00666666666666,1002.4911111111111,1.0,0,0,79918,371203,0.0,,0.0,0.0
s2_L0_D2_stereo_none_r3,2,0,2,stereo,none,3,0,49.5,450,450,1.0,0.13429785345954554,0.14953286710097347,0,0,98.827,276.2288888888889,294.7,1002.4533333333334,0.4779983420830576,0,0,79897,371207,0.0,,0.0,0.0
s2_L0_D2_stereo_flow_r3,2,0,2,stereo,flow,3,0,53.4,450,450,1.0,0.14734534694441484,0.16644350175116435,0,0,108.374,279.1177777777778,296.5444444444444,1002.6155555555556,0.4783200496041838,18336,11831,61581,359429,0.9977777777777778,0.6078164882155999,0.22943804196854237,0.03186715509346549
s2_L0_D2_rgbd_none_r0,2,0,2,rgbd,none,0,0,34.4,450,450,1.0,0.224678011566531,0.2142818457589804,0,0,65.503,282.14444444444445,306.8933333333333,1002.5533333333333,1.0,0,0,79938,371211,0.0,,0.0,0.0
s2_L0_D2_stereo_none_r2,2,0,2,stereo,none,2,0,49.5,450,450,1.0,0.1107071572468048,0.13981392955756497,0,0,99.854,285.5466666666667,305.12888888888887,1002.4622222222222,0.4782027431933867,0,0,79941,371167,0.0,,0.0,0.0
s2_L0_D2_rgbd_flow_r3,2,0,2,rgbd,flow,3,0,40.4,450,450,1.0,0.1688927573591351,0.16392038734924802,0,0,78.606,279.6911111111111,300.6111111111111,1002.5488888888889,1.0,19078,11482,60871,359716,0.9977777777777778,0.6242801047120419,0.23862712479205495,0.030932278729950052
s2_L0_D2_rgbd_flow_r1,2,0,2,rgbd,flow,1,0,41.4,450,450,1.0,0.0682587704994156,0.09685415263934678,0,0,81.184,304.7888888888889,322.79333333333335,1002.5777777777778,1.0,18886,11534,61064,359676,0.9977777777777778,0.6208415516107824,0.23622263914946842,0.031071361224104956
s2_L0_D2_rgbd_none_r2,2,0,2,rgbd,none,2,0,35.3,450,450,1.0,0.11787559714746018,0.14212192243733146,0,0,66.899,298.4977777777778,321.0911111111111,1002.4822222222223,1.0,0,0,79884,371233,0.0,,0.0,0.0
s2_L0_D2_stereo_geom_r0,2,0,2,stereo,geom,0,0,53.6,450,450,1.0,0.13643326240177112,0.1501854986647746,0,0,109.844,247.67333333333335,265.87555555555554,1002.5244444444445,0.47836481739838316,10270,47684,69717,323465,0.9977777777777778,0.177209510991476,0.1283958643279533,0.1284767034263867
s2_L0_D2_rgbd_flow_r2,2,0,2,rgbd,flow,2,0,36.4,450,450,1.0,0.30973366255183765,0.2340713640882189,0,0,70.711,277.96444444444444,299.05333333333334,1002.5155555555556,1.0,19010,11067,60896,360159,0.9977777777777778,0.6320444193237358,0.23790453783195253,0.029812028252331466
s2_L1_D0_rgbd_geom_r4,2,1,0,rgbd,geom,4,0,52.2,450,450,1.0,0.024889256207592893,0.019748564105529998,0,0,103.469,360.8,360.8,994.4466666666667,1.0,0,40670,0,406831,0.9977777777777778,0.0,,0.09088247847490843
s2_L1_D0_stereo_flow_r3,2,1,0,stereo,flow,3,0,53.3,450,450,1.0,0.006925033960074595,0.007725925517832957,0,0,107.56,334.49555555555554,334.49555555555554,994.38,0.5214749196982442,0,4417,0,443054,0.9977777777777778,0.0,,0.009871030748361346
s2_L1_D0_stereo_geom_r2,2,1,0,stereo,geom,2,0,55.5,450,450,1.0,0.011266021973233089,0.0095697633006432,0,0,112.528,283.64444444444445,283.64444444444445,994.4088888888889,0.5214465139742702,0,69516,0,377968,0.9977777777777778,0.0,,0.155348571122096
s2_L1_D0_rgbd_none_r0,2,1,0,rgbd,none,0,0,35.2,450,450,1.0,0.022861772782321703,0.015062628073254333,0,0,66.827,382.34222222222223,382.34222222222223,994.4088888888889,1.0,0,0,0,447484,0.0,,,0.0
s2_L1_D0_stereo_flow_r0,2,1,0,stereo,flow,0,0,51.5,450,450,1.0,0.005133176971244621,0.007323674686214112,0,0,105.353,335.2,335.2,994.4755555555555,0.5213175942828355,0,4284,0,443230,0.9977777777777778,0.0,,0.009572884870640919
s2_L1_D0_stereo_geom_r0,2,1,0,stereo,geom,0,0,55.4,450,450,1.0,0.006947893075996755,0.007090428285545846,0,0,112.661,277.55555555555554,277.55555555555554,994.4866666666667,0.5213551761373717,0,67584,0,379935,0.9977777777777778,0.0,,0.15101928633197698
s2_L1_D0_rgbd_geom_r2,2,1,0,rgbd,geom,2,0,49.4,450,450,1.0,0.03056612371014069,0.022772671579102427,0,0,100.389,354.27555555555557,354.27555555555557,994.2977777777778,1.0,0,41594,0,405840,0.9977777777777778,0.0,,0.09296119651166429
s2_L1_D0_stereo_geom_r4,2,1,0,stereo,geom,4,0,55.4,450,450,1.0,0.007517331113644559,0.007769634490783937,0,0,112.173,272.35333333333335,272.35333333333335,994.4,0.5213101645630202,0,65956,0,381524,0.9977777777777778,0.0,,0.14739429695181908
s2_L1_D0_stereo_flow_r4,2,1,0,stereo,flow,4,0,52.4,450,450,1.0,0.008694089124637785,0.010374410012427709,0,0,107.019,340.26222222222225,340.26222222222225,994.3688888888889,0.5213383933936151,0,4285,0,443181,0.9977777777777778,0.0,,0.00957614656756044
s2_L1_D0_rgbd_flow_r2,2,1,0,rgbd,flow,2,0,41.4,450,450,1.0,0.024011525841397555,0.0167059742845319,0,0,80.782,385.22,385.22,994.3911111111111,1.0,0,4709,0,442767,0.9977777777777778,0.0,,0.01052346941511947
s2_L1_D0_rgbd_flow_r1,2,1,0,rgbd,flow,1,0,41.3,450,450,1.0,0.02230141781816973,0.015144717497448446,0,0,81.005,388.91333333333336,388.91333333333336,994.4088888888889,1.0,0,4377,0,443107,0.9977777777777778,0.0,,0.00978135531102788
s2_L1_D0_rgbd_geom_r1,2,1,0,rgbd,geom,1,0,49.5,450,450,1.0,0.02695341973652291,0.02081973363084036,0,0,100.816,353.38444444444445,353.38444444444445,994.4244444444445,1.0,0,40175,0,407316,0.9977777777777778,0.0,,0.08977834191078703
s2_L1_D0_stereo_none_r4,2,1,0,stereo,none,4,0,47.4,450,450,1.0,0.006484186019734286,0.0071371709605208685,0,0,94.18,333.30444444444447,333.30444444444447,994.4177777777778,0.5212236626476328,0,0,0,447488,0.0,,,0.0
s2_L1_D0_rgbd_none_r4,2,1,0,rgbd,none,4,0,34.2,450,450,1.0,0.024293948742181968,0.01886458707299645,0,0,65.413,383.50666666666666,383.50666666666666,994.2733333333333,1.0,0,0,0,447423,0.0,,,0.0
s2_L1_D0_rgbd_geom_r0,2,1,0,rgbd,geom,0,0,48.5,450,450,1.0,0.02709197375169999,0.018962123092122928,0,0,97.933,350.0466666666667,350.0466666666667,994.38,1.0,0,40309,0,407162,0.9977777777777778,0.0,,0.09008181535786677
s2_L1_D0_rgbd_none_r3,2,1,0,rgbd,none,3,0,34.2,450,450,1.0,0.023457575514732962,0.017995433118896068,0,0,67.361,373.32666666666665,373.32666666666665,994.4,1.0,0,0,0,447480,0.0,,,0.0
s2_L1_D0_stereo_geom_r1,2,1,0,stereo,geom,1,0,53.5,450,450,1.0,0.008562162851477977,0.007408319515086153,0,0,109.544,278.37333333333333,278.37333333333333,994.4955555555556,0.5213868813902232,0,69431,0,378092,0.9977777777777778,0.0,,0.1551450986876652
s2_L1_D0_rgbd_none_r1,2,1,0,rgbd,none,1,0,34.4,450,450,1.0,0.02159163154716826,0.01607077570144803,0,0,66.339,379.92,379.92,994.4088888888889,1.0,0,0,0,447484,0.0,,,0.0
s2_L1_D0_rgbd_flow_r0,2,1,0,rgbd,flow,0,0,40.3,450,450,1.0,0.02418203793729946,0.01684101918286559,0,0,78.637,375.1933333333333,375.1933333333333,994.2555555555556,1.0,0,4124,0,443291,0.9977777777777778,0.0,,0.009217393247879485
s2_L1_D0_rgbd_geom_r3,2,1,0,rgbd,geom,3,0,49.6,450,450,1.0,0.026271399495675172,0.02096544397643739,0,0,98.842,353.5777777777778,353.5777777777778,994.3777777777777,1.0,0,42133,0,405337,0.9977777777777778,0.0,,0.09415826759335821
s2_L1_D0_stereo_flow_r2,2,1,0,stereo,flow,2,0,52.4,450,450,1.0,0.0072471530652680255,0.008965151878517723,0,0,105.443,329.4088888888889,329.4088888888889,994.42,0.5214620728984932,0,4433,0,443056,0.9977777777777778,0.0,,0.009906388760394111
s2_L1_D0_stereo_none_r0,2,1,0,stereo,none,0,0,47.4,450,450,1.0,0.006136328891259297,0.00876427802326244,0,0,95.61,334.7733333333333,334.7733333333333,994.4244444444445,0.521445461425314,0,0,0,447491,0.0,,,0.0
s2_L1_D0_rgbd_none_r2,2,1,0,rgbd,none,2,0,34.2,450,450,1.0,0.021384452345733985,0.017104076588051124,0,0,66.006,372.7088888888889,372.7088888888889,994.5244444444445,1.0,0,0,0,447536,0.0,,,0.0
s2_L1_D0_stereo_flow_r1,2,1,0,stereo,flow,1,0,51.5,450,450,1.0,0.006402557160274882,0.009288032521737686,0,0,105.242,333.8888888888889,333.8888888888889,994.3355555555555,0.5213950111177525,0,4534,0,442917,0.9977777777777778,0.0,,0.010132953105479707
s2_L1_D0_rgbd_flow_r4,2,1,0,rgbd,flow,4,0,40.3,450,450,1.0,0.02325064995853312,0.01671110692300448,0,0,78.516,379.27777777777777,379.27777777777777,994.3288888888889,1.0,0,4166,0,443282,0.9977777777777778,0.0,,0.009310579106398955
s2_L1_D0_stereo_geom_r3,2,1,0,stereo,geom,3,0,54.5,450,450,1.0,0.006483510519053612,0.007685567327304064,0,0,109.991,276.73555555555555,276.73555555555555,994.4177777777778,0.5215753940372879,0,66097,0,381391,0.9977777777777778,0.0,,0.14770675414759726
s2_L1_D0_stereo_none_r1,2,1,0,stereo,none,1,0,47.3,450,450,1.0,0.007332441983114226,0.009136910742153309,0,0,94.761,333.52444444444444,333.52444444444444,994.3777777777777,0.5214964923987797,0,0,0,447470,0.0,,,0.0
s2_L1_D0_rgbd_flow_r3,2,1,0,rgbd,flow,3,0,40.4,450,450,1.0,0.017659511533147525,0.013410390608696456,0,0,78.814,376.8,376.8,994.3644444444444,1.0,0,4312,0,443152,0.9977777777777778,0.0,,0.009636529419126455
s2_L1_D0_stereo_none_r2,2,1,0,stereo,none,2,0,47.4,450,450,1.0,0.006051501941454223,0.006432817205759049,0,0,94.541,336.6311111111111,336.6311111111111,994.3866666666667,0.5215203251263818,0,0,0,447474,0.0,,,0.0
s2_L1_D0_stereo_none_r3,2,1,0,stereo,none,3,0,48.4,450,450,1.0,0.006812415039620242,0.00809098785837446,0,0,95.76,342.9266666666667,342.9266666666667,994.4177777777778,0.521330856103021,0,0,0,447488,0.0,,,0.0
s2_L1_D1_stereo_flow_r2,2,1,1,stereo,flow,2,0,51.9,450,450,1.0,0.007499609869257978,0.009807583459408253,0,0,104.379,309.23555555555555,314.14444444444445,995.2488888888889,0.5219160594768397,2960,4578,27855,412469,0.9977777777777778,0.3926771026797559,0.09605711504137596,0.010977180030068553
s2_L1_D1_rgbd_none_r2,2,1,1,rgbd,none,2,0,33.3,450,450,1.0,0.02080136377774911,0.015877069024648603,0,0,63.949,343.56,350.56,995.2844444444445,1.0,0,0,30863,417015,0.0,,0.0,0.0
s2_L1_D1_stereo_geom_r1,2,1,1,stereo,geom,1,0,54.1,450,450,1.0,0.007818498947644546,0.006972945940834628,0,0,110.4,274.6,280.24666666666667,995.24,0.5219445577715449,6706,59009,24128,358015,0.9977777777777778,0.10204671688351213,0.2174871894661737,0.14150024938612646
s2_L1_D1_rgbd_none_r1,2,1,1,rgbd,none,1,0,34.4,450,450,1.0,0.019274710287463186,0.017747864627760783,0,0,65.91,347.24444444444447,354.3333333333333,995.3044444444445,1.0,0,0,30823,417064,0.0,,0.0,0.0
s2_L1_D1_stereo_geom_r3,2,1,1,stereo,geom,3,0,54.4,450,450,1.0,0.00985356101498828,0.010040742029787436,0,0,110.063,258.44666666666666,264.02666666666664,995.3155555555555,0.5220143726781709,6541,60681,24303,356367,0.9977777777777778,0.09730445389902115,0.21206717676047204,0.14550123726765266
s2_L1_D1_stereo_geom_r4,2,1,1,stereo,geom,4,0,54.3,450,450,1.0,0.008938528626486577,0.008438596928468987,0,0,110.117,263.75555555555553,269.4822222222222,995.2444444444444,0.5219615835373278,6686,61015,24143,356016,0.9977777777777778,0.0987577731495842,0.21687372279347367,0.14630806822514394
s2_L1_D1_stereo_none_r0,2,1,1,stereo,none,0,0,46.3,450,450,1.0,0.0073571638732512,0.007243633126016164,0,0,91.73,306.1222222222222,310.97333333333336,995.3533333333334,0.5219009129308486,0,0,30817,417092,0.0,,0.0,0.0
s2_L1_D1_stereo_none_r4,2,1,1,stereo,none,4,0,46.4,450,450,1.0,0.00779574300979448,0.008720310081285662,0,0,92.725,309.2888888888889,314.28444444444443,995.3355555555555,0.5217706394917192,0,0,30817,417084,0.0,,0.0,0.0
s2_L1_D1_rgbd_geom_r3,2,1,1,rgbd,geom,3,0,48.4,450,450,1.0,0.024970156939303052,0.021465552055872923,0,0,96.154,320.29555555555555,323.50444444444446,995.2444444444444,1.0,19511,37124,11328,379897,0.9977777777777778,0.34450428180453785,0.632672914167126,0.08902189577982883
s2_L1_D1_rgbd_flow_r2,2,1,1,rgbd,flow,2,0,39.4,450,450,1.0,0.018375340127912306,0.0152069576065153,0,0,77.993,352.72222222222223,359.52444444444444,995.2777777777778,1.0,2955,5405,27869,411646,0.9977777777777778,0.3534688995215311,0.0958668569945497,0.012960045653888853
s2_L1_D1_stereo_none_r2,2,1,1,stereo,none,2,0,46.4,450,450,1.0,0.006032465902529666,0.007292224757637894,0,0,93.368,311.85555555555555,316.68666666666667,995.2266666666667,0.5219922999010577,0,0,30845,417007,0.0,,0.0,0.0
s2_L1_D1_rgbd_none_r3,2,1,1,rgbd,none,3,0,34.3,450,450,1.0,0.02385115236729094,0.016429861498442347,0,0,65.439,340.5288888888889,347.82666666666665,995.2888888888889,1.0,0,0,30847,417033,0.0,,0.0,0.0
s2_L1_D1_stereo_none_r3,2,1,1,stereo,none,3,0,48.4,450,450,1.0,0.007698397120297484,0.007944226782943365,0,0,95.978,322.4288888888889,327.4222222222222,995.3666666666667,0.521945847295683,0,0,30887,417028,0.0,,0.0,0.0
s2_L1_D1_rgbd_flow_r1,2,1,1,rgbd,flow,1,0,39.2,450,450,1.0,0.019707765712349383,0.01716023787948587,0,0,76.742,339.32666666666665,346.4488888888889,995.2155555555555,1.0,2848,5193,28039,411767,0.9977777777777778,0.35418480288521326,0.0922070774112086,0.01245443207981581
s2_L1_D1_stereo_geom_r0,2,1,1,stereo,geom,0,0,54.5,450,450,1.0,0.010305292862545272,0.00855833896118943,0,0,111.785,265.59777777777776,271.11555555555555,995.2422222222223,0.5219119037780655,6433,60514,24425,356487,0.9977777777777778,0.09609093760736105,0.2084710609890466,0.1451171579924269
s2_L1_D1_stereo_none_r1,2,1,1,stereo,none,1,0,47.4,450,450,1.0,0.0072041590511139455,0.007798259412960147,0,0,95.418,310.3022222222222,315.0466666666667,995.2444444444444,0.5220931357402646,0,0,30802,417058,0.0,,0.0,0.0
s2_L1_D1_rgbd_geom_r0,2,1,1,rgbd,geom,0,0,48.4,450,450,1.0,0.026094349503126966,0.018238403854037796,0,0,97.277,327.53333333333336,330.7111111111111,995.3422222222222,1.0,19474,38144,11429,378857,0.9977777777777778,0.33798465757228646,0.6301653561142931,0.09147220270454987
s2_L1_D1_rgbd_flow_r4,2,1,1,rgbd,flow,4,0,39.4,450,450,1.0,0.021274221063871564,0.016270938888111694,0,0,78.4,348.4711111111111,355.58666666666664,995.28,1.0,2875,5525,27983,411493,0.9977777777777778,0.34226190476190477,0.09316870827662195,0.013248828587734822
s2_L1_D1_stereo_flow_r3,2,1,1,stereo,flow,3,0,51.4,450,450,1.0,0.00707303098019913,0.009221088403191087,0,0,103.499,309.58222222222224,314.40444444444444,995.32,0.5217584431238481,3057,5053,27749,412035,0.9977777777777778,0.3769420468557337,0.09923391547101214,0.012114949363203929
s2_L1_D1_rgbd_geom_r2,2,1,1,rgbd,geom,2,0,48.3,450,450,1.0,0.0258528829636598,0.02090205576049688,0,0,96.403,315.0933333333333,318.1333333333333,995.3066666666666,1.0,20154,37968,10688,379078,0.9977777777777778,0.34675338081965523,0.6534595681213929,0.09104031689549834
s2_L1_D1_stereo_geom_r2,2,1,1,stereo,geom,2,0,54.4,450,450,1.0,0.011395920819786607,0.009449122173578114,0,0,109.927,267.0888888888889,272.74888888888887,995.3133333333334,0.5218517694019572,6343,61026,24474,356048,0.9977777777777778,0.09415309712182161,0.20582795210435798,0.14631935819542816
s2_L1_D1_rgbd_flow_r3,2,1,1,rgbd,flow,3,0,39.3,450,450,1.0,0.02325003992709926,0.0189893378428366,0,0,76.794,352.81333333333333,360.29333333333335,995.3133333333334,1.0,2683,4773,28213,412222,0.9977777777777778,0.35984442060085836,0.08683972035214915,0.011446180409837048
s2_L1_D1_rgbd_flow_r0,2,1,1,rgbd,flow,0,0,40.3,450,450,1.0,0.017008261630547333,0.01347584739194479,0,0,79.178,344.14666666666665,350.84444444444443,995.34,1.0,2701,5524,28118,411560,0.9977777777777778,0.3283890577507599,0.0876407411012687,0.01324433447459025
s2_L1_D1_stereo_flow_r1,2,1,1,stereo,flow,1,0,52.5,450,450,1.0,0.0071862161420451,0.010312871922786349,0,0,106.989,309.09555555555556,314.49111111111114,995.3733333333333,0.521841701818116,3016,5238,27865,411799,0.9977777777777778,0.36539859462078994,0.09766523104821735,0.01256003663943487
s2_L1_D1_rgbd_geom_r1,2,1,1,rgbd,geom,1,0,49.5,450,450,1.0,0.028860160275649988,0.020543205736783688,0,0,98.407,320.2733333333333,323.3933333333333,995.28,1.0,19844,39491,10994,377547,0.9977777777777778,0.33444004381899384,0.6434917958363059,0.09469400869944705
s2_L1_D1_rgbd_none_r0,2,1,1,rgbd,none,0,0,33.4,450,450,1.0,0.018017409539522498,0.016798829898537974,0,0,64.969,351.72444444444443,359.4377777777778,995.2666666666667,1.0,0,0,30861,417009,0.0,,0.0,0.0
s2_L1_D1_rgbd_none_r4,2,1,1,rgbd,none,4,0,34.2,450,450,1.0,0.01893165630964887,0.015480096060585731,0,0,66.3,344.8288888888889,352.14666666666665,995.2688888888889,1.0,0,0,30839,417032,0.0,,0.0,0.0
s2_L1_D1_stereo_flow_r0,2,1,1,stereo,flow,0,0,51.6,450,450,1.0,0.008226728139229252,0.007629461268976498,0,0,104.348,310.08444444444444,315.08222222222224,995.3355555555555,0.5218348703419954,2906,5201,27944,411850,0.9977777777777778,0.3584556556062662,0.09419773095623987,0.012470896844750402
s2_L1_D1_rgbd_geom_r4,2,1,1,rgbd,geom,4,0,45.4,450,450,1.0,0.031155125299554116,0.023191506803926027,0,0,91.528,314.9422222222222,317.9511111111111,995.2555555555556,1.0,19861,41457,10979,375568,0.9977777777777778,0.32390162758080826,0.6440012970168613,0.09941130627660212
s2_L1_D1_stereo_flow_r4,2,1,1,stereo,flow,4,0,42.3,450,450,1.0,0.005452039940311578,0.007939199961457219,0,0,85.526,309.6377777777778,314.6666666666667,995.2911111111111,0.5217692787579585,2445,5511,28417,411508,0.9977777777777778,0.30731523378582204,0.0792236407232195,0.013215225205566174
s2_L1_D2_rgbd_geom_r0,2,1,2,rgbd,geom,0,0,48.2,450,450,1.0,0.07870911525946916,0.08292003380825536,0,0,96.089,286.7866666666667,300.46222222222224,994.5377777777778,1.0,58136,25624,38764,325018,0.9977777777777778,0.6940783190066858,0.5999587203302373,0.07307738377034126
s2_L1_D2_rgbd_geom_r2,2,1,2,rgbd,geom,2,0,49.3,450,450,1.0,0.06259221759611171,0.08196549543061878,0,0,97.873,289.47777777777776,302.58222222222224,994.3755555555556,1.0,59428,25387,37489,325165,0.9977777777777778,0.7006779461180216,0.6131844774394585,0.07242006891987494
s2_L1_D2_stereo_geom_r4,2,1,2,stereo,geom,4,0,53.5,450,450,1.0,0.2186942997563977,0.2176793455544014,0,0,109.128,237.42444444444445,260.76666666666665,994.4888888888889,0.4971528169011868,14340,51246,82535,299399,0.9977777777777778,0.218644222852438,0.1480258064516129,0.1461478133154615
s2_L1_D2_rgbd_none_r1,2,1,2,rgbd,none,1,0,33.3,450,450,1.0,0.2878478588232527,0.34924519946723104,0,0,64.377,266.58222222222224,305.17333333333335,994.4777777777778,1.0,0,0,96882,350633,0.0,,0.0,0.0
s2_L1_D2_stereo_none_r1,2,1,2,stereo,none,1,0,48.7,450,450,1.0,0.22433587749548353,0.23801349831484164,0,0,98.307,274.75111111111113,302.81555555555553,994.4644444444444,0.4969055635588403,0,0,96915,350594,0.0,,0.0,0.0
s2_L1_D2_stereo_flow_r0,2,1,2,stereo,flow,0,0,54.6,450,450,1.0,0.13225311710608428,0.16967005220281775,0,0,110.446,272.6666666666667,293.4066666666667,994.4577777777778,0.4969631419490347,18242,12904,78664,337696,0.9977777777777778,0.5856931869260901,0.18824427796008503,0.03680547632629778
s2_L1_D2_rgbd_none_r2,2,1,2,rgbd,none,2,0,33.4,450,450,1.0,0.30561074610214745,0.36334701546313075,0,0,64.268,272.0111111111111,310.6666666666667,994.46,1.0,0,0,96880,350627,0.0,,0.0,0.0
s2_L1_D2_rgbd_flow_r1,2,1,2,rgbd,flow,1,0,37.4,450,450,1.0,0.44077144976404076,0.36449420873398297,0,0,73.566,268.25111111111113,304.92,994.2822222222222,1.0,18167,12851,78723,337686,0.9977777777777778,0.5856921787349281,0.18750129012281969,0.036660894570330664
s2_L1_D2_stereo_none_r4,2,1,2,stereo,none,4,0,49.5,450,450,1.0,0.19777304920179173,0.22313765036521818,0,0,99.393,272.74666666666667,298.2266666666667,994.3333333333334,0.49707308547088674,0,0,96890,350560,0.0,,0.0,0.0
s2_L1_D2_stereo_flow_r3,2,1,2,stereo,flow,3,0,53.5,450,450,1.0,0.21775848148229035,0.23404136141267126,0,0,107.908,274.5111111111111,296.02666666666664,994.4933333333333,0.49700857641891694,17717,11756,79184,338865,0.9977777777777778,0.6011264547212704,0.1828360904428231,0.03352908125868102
s2_L1_D2_stereo_flow_r4,2,1,2,stereo,flow,4,0,54.6,450,450,1.0,0.266900214345361,0.2688478046875684,0,0,111.195,280.67555555555555,305.0177777777778,994.4466666666667,0.4968779854820877,18580,12635,78340,337946,0.9977777777777778,0.5952266538523145,0.1917044985555097,0.03604017331230158
s2_L1_D2_rgbd_flow_r0,2,1,2,rgbd,flow,0,0,40.5,450,450,1.0,0.23021680391118737,0.3002921340145905,0,0,79.538,271.5422222222222,303.72,994.4488888888889,1.0,17951,12319,79035,338197,0.9977777777777778,0.5930294020482326,0.18508856948425545,0.03514532860126214
s2_L1_D2_rgbd_flow_r3,2,1,2,rgbd,flow,3,0,38.5,450,450,1.0,0.49720533813125933,0.32933755874109966,0,0,75.04,267.2577777777778,298.50666666666666,994.4933333333333,1.0,18544,12578,78380,338020,0.9977777777777778,0.5958485958485958,0.19132516198258429,0.035875846410989225
s2_L1_D2_rgbd_none_r3,2,1,2,rgbd,none,3,0,32.2,450,450,1.0,0.3783081590549234,0.3034394613004777,0,0,60.566,256.99555555555554,289.9711111111111,994.46,1.0,0,0,96932,350575,0.0,,0.0,0.0
s2_L1_D2_stereo_geom_r0,2,1,2,stereo,geom,0,0,55.6,450,450,1.0,0.29866560011811794,0.2952997849302843,0,0,112.555,236.39333333333335,262.4688888888889,994.3511111111111,0.496924342396935,14213,51885,82677,298683,0.9977777777777778,0.21502919906805046,0.1466921250903086,0.14800266995276237
s2_L1_D2_stereo_geom_r3,2,1,2,stereo,geom,3,0,55.4,450,450,1.0,0.25799205769996986,0.2841674844228432,0,0,111.68,240.87333333333333,268.4,994.3422222222222,0.49702854459351037,13581,51783,83315,298775,0.9977777777777778,0.2077749219753993,0.14016058454425362,0.14771592717895468
s2_L1_D2_rgbd_geom_r3,2,1,2,rgbd,geom,3,0,49.5,450,450,1.0,0.0623664835945811,0.09322608401082055,0,0,99.122,284.6355555555556,299.62666666666667,994.4688888888888,1.0,58421,26377,38513,324200,0.9977777777777778,0.6889431354513078,0.6026884271772547,0.07523882057294118
s2_L1_D2_rgbd_flow_r2,2,1,2,rgbd,flow,2,0,37.4,450,450,1.0,0.3757926824470036,0.27047889257417274,0,0,73.022,272.44444444444446,305.53777777777776,994.4133333333333,1.0,17924,12640,78979,337943,0.9977777777777778,0.5864415652401518,0.18496847362826743,0.03605422966886586
s2_L1_D2_rgbd_geom_r1,2,1,2,rgbd,geom,1,0,48.4,450,450,1.0,0.03599726136185391,0.03647053755359485,0,0,95.742,278.76222222222225,290.84,994.4777777777778,1.0,58411,29424,38404,321276,0.9977777777777778,0.6650082541128252,0.6033259308991376,0.08390076988879384
s2_L1_D2_rgbd_none_r0,2,1,2,rgbd,none,0,0,31.2,450,450,1.0,0.34960221886088155,0.2872525550635635,0,0,57.938,255.23111111111112,287.2866666666667,994.3844444444444,1.0,0,0,96932,350541,0.0,,0.0,0.0
s2_L1_D2_stereo_flow_r1,2,1,2,stereo,flow,1,0,52.5,450,450,1.0,0.16734842964123808,0.19691782920280368,0,0,107.152,276.3466666666667,299.12666666666667,994.4222222222222,0.4970543074343271,19093,12038,77835,338524,0.9977777777777778,0.6133114901545084,0.1969812644437108,0.0343391468556204
s2_L1_D2_stereo_none_r0,2,1,2,stereo,none,0,0,47.3,450,450,1.0,0.20481936648741883,0.21080099524510335,0,0,94.605,274.8355555555556,300.9088888888889,994.48,0.4968339767250869,0,0,96871,350645,0.0,,0.0,0.0
s2_L1_D2_rgbd_geom_r4,2,1,2,rgbd,geom,4,0,49.5,450,450,1.0,0.06463494308901441,0.07771757101686086,0,0,97.466,287.0711111111111,302.79777777777775,994.44,1.0,57734,24115,39192,326457,0.9977777777777778,0.7053720876247724,0.5956502899118915,0.06878758143833506
s2_L1_D2_rgbd_none_r4,2,1,2,rgbd,none,4,0,31.3,450,450,1.0,0.4200537572920477,0.32129856357752246,0,0,59.374,251.2288888888889,284.1333333333333,994.5066666666667,1.0,0,0,96897,350631,0.0,,0.0,0.0
s2_L1_D2_rgbd_flow_r4,2,1,2,rgbd,flow,4,0,38.2,450,450,1.0,0.4099707875815627,0.2890080356219104,0,0,74.854,272.68666666666667,305.5711111111111,994.4377777777778,1.0,18144,12214,78796,338343,0.9977777777777778,0.5976678305553725,0.18716731999174746,0.03484169478857932
s2_L1_D2_stereo_none_r2,2,1,2,stereo,none,2,0,47.4,450,450,1.0,0.16987510581176324,0.19344485240030662,0,0,95.289,273.6666666666667,299.5577777777778,994.4155555555556,0.4972272060075084,0,0,96843,350644,0.0,,0.0,0.0
s2_L1_D2_stereo_none_r3,2,1,2,stereo,none,3,0,49.3,450,450,1.0,0.1981163201318122,0.21842710747508207,0,0,97.606,274.99111111111114,300.94666666666666,994.38,0.4968640662778403,0,0,96909,350562,0.0,,0.0,0.0
s2_L1_D2_stereo_geom_r1,2,1,2,stereo,geom,1,0,54.4,450,450,1.0,0.20582815123790896,0.21854571798323646,0,0,111.589,236.5911111111111,261.3977777777778,994.4377777777778,0.49711903842918864,14177,54173,82682,296465,0.9977777777777778,0.20741770299926848,0.14636740003510257,0.15449837153987875
s2_L1_D2_stereo_flow_r2,2,1,2,stereo,flow,2,0,52.5,450,450,1.0,0.1797810909114423,0.20958726509513523,0,0,106.92,273.73777777777775,295.9844444444444,994.3222222222222,0.4970419454420442,18106,11934,78740,338665,0.9977777777777778,0.6027296937416777,0.18695661152757986,0.03403888773213842
s2_L1_D2_stereo_geom_r2,2,1,2,stereo,geom,2,0,55.5,450,450,1.0,0.2615268843907638,0.25079268067457045,0,0,113.031,237.42,264.68888888888887,994.4777777777778,0.4970099503040292,13865,52458,83065,298127,0.9977777777777778,0.20905266649578577,0.14304137006086867,0.14962990430280818
s2_L2_D0_rgbd_none_r1,2,2,0,rgbd,none,1,0,31.8,450,450,1.0,0.030425566749250982,0.026307333761234775,0,0,61.569,357.56666666666666,357.56666666666666,858.0933333333334,1.0,0,0,0,386142,0.0,,,0.0
s2_L2_D0_rgbd_flow_r2,2,2,0,rgbd,flow,2,0,36.8,450,450,1.0,0.03219895974209985,0.02510730103513093,0,0,72.683,356.4844444444444,356.4844444444444,858.0733333333334,1.0,0,3215,0,382918,0.9977777777777778,0.0,,0.008326146690389063
s2_L2_D0_rgbd_flow_r0,2,2,0,rgbd,flow,0,0,37.4,450,450,1.0,0.03033320425228832,0.024872900330093598,0,0,72.562,353.47333333333336,353.47333333333336,858.0311111111112,1.0,0,3550,0,382564,0.9977777777777778,0.0,,0.00919417581336082
s2_L2_D0_stereo_none_r2,2,2,0,stereo,none,2,0,46.4,450,450,1.0,0.008133938570250463,0.010340482426825405,0,0,92.528,345.6377777777778,345.6377777777778,858.0911111111111,0.601417613503417,0,0,0,386141,0.0,,,0.0
s2_L2_D0_stereo_flow_r3,2,2,0,stereo,flow,3,0,49.4,450,450,1.0,0.01672735030490442,0.01567512360856056,0,0,100.503,345.68,345.68,858.0688888888889,0.6014523740181257,0,3527,0,382604,0.9977777777777778,0.0,,0.009134205748826176
s2_L2_D0_stereo_none_r3,2,2,0,stereo,none,3,0,46.3,450,450,1.0,0.007011269939528922,0.01090350807688771,0,0,92.877,348.93333333333334,348.93333333333334,858.0622222222222,0.6012535095474905,0,0,0,386128,0.0,,,0.0
s2_L2_D0_stereo_flow_r0,2,2,0,stereo,flow,0,0,51.4,450,450,1.0,0.009323863794781714,0.011269743322071608,0,0,104.381,346.18,346.18,858.0711111111111,0.6012362535579036,0,3413,0,382719,0.9977777777777778,0.0,,0.008838946267079652
s2_L2_D0_stereo_geom_r2,2,2,0,stereo,geom,2,0,52.4,450,450,1.0,0.00886069977891627,0.009969831607701,0,0,105.5,264.4222222222222,264.4222222222222,858.1,0.6013039489841544,0,103569,0,282576,0.9977777777777778,0.0,,0.2682127180204327
s2_L2_D0_rgbd_geom_r4,2,2,0,rgbd,geom,4,0,47.4,450,450,1.0,0.05254200824843304,0.04109770094392052,0,0,93.73,336.3066666666667,336.3066666666667,858.0555555555555,1.0,0,36829,0,349296,0.9977777777777778,0.0,,0.09538102945937196
s2_L2_D0_rgbd_geom_r3,2,2,0,rgbd,geom,3,0,46.4,450,450,1.0,0.05091529535116193,0.03974738483370593,0,0,91.405,325.6,325.6,858.0511111111111,1.0,0,40504,0,345619,0.9977777777777778,0.0,,0.10489921605291579
s2_L2_D0_rgbd_flow_r3,2,2,0,rgbd,flow,3,0,37.4,450,450,1.0,0.032166440025178336,0.026625868818908542,0,0,72.954,363.5133333333333,363.5133333333333,858.1222222222223,1.0,0,3676,0,382479,0.9977777777777778,0.0,,0.009519493467649002
s2_L2_D0_stereo_none_r0,2,2,0,stereo,none,0,0,47.4,450,450,1.0,0.0073497532676946205,0.009676491832611827,0,0,94.043,346.9377777777778,346.9377777777778,858.0844444444444,0.6014164679869537,0,0,0,386138,0.0,,,0.0
s2_L2_D0_rgbd_flow_r4,2,2,0,rgbd,flow,4,0,36.3,450,450,1.0,0.037214319535485714,0.02847967166616834,0,0,70.475,350.70222222222225,350.70222222222225,858.0733333333334,1.0,0,3569,0,382564,0.9977777777777778,0.0,,0.009242929249766272
s2_L2_D0_stereo_none_r1,2,2,0,stereo,none,1,0,47.5,450,450,1.0,0.009180261229058767,0.010167961243358486,0,0,94.24,345.40444444444444,345.40444444444444,858.0444444444445,0.6013622986756544,0,0,0,386120,0.0,,,0.0
s2_L2_D0_stereo_geom_r3,2,2,0,stereo,geom,3,0,52.5,450,450,1.0,0.008379661661703319,0.010386783877862606,0,0,106.153,257.78444444444443,257.78444444444443,858.06,0.6013311403177231,0,105347,0,280780,0.9977777777777778,0.0,,0.27282992383335014
s2_L2_D0_rgbd_geom_r0,2,2,0,rgbd,geom,0,0,45.5,450,450,1.0,0.05074191851639016,0.03806251911262512,0,0,90.744,328.00444444444446,328.00444444444446,858.0644444444445,1.0,0,40012,0,346117,0.9977777777777778,0.0,,0.10362340046979118
s2_L2_D0_stereo_geom_r0,2,2,0,stereo,geom,0,0,51.5,450,450,1.0,0.009667969417386547,0.01021069727928061,0,0,103.526,256.9222222222222,256.9222222222222,858.1,0.6012717709325632,0,104351,0,281794,0.9977777777777778,0.0,,0.2702378640148131
s2_L2_D0_rgbd_none_r0,2,2,0,rgbd,none,0,0,32.4,450,450,1.0,0.03283344117342314,0.0273763269154697,0,0,61.271,359.5511111111111,359.5511111111111,858.0422222222222,1.0,0,0,0,386119,0.0,,,0.0
s2_L2_D0_rgbd_none_r2,2,2,0,rgbd,none,2,0,32.1,450,450,1.0,0.03236834477140379,0.027393892032280737,0,0,61.68,353.5733333333333,353.5733333333333,858.0555555555555,1.0,0,0,0,386125,0.0,,,0.0
s2_L2_D0_stereo_none_r4,2,2,0,stereo,none,4,0,47.6,450,450,1.0,0.00784692830806284,0.010978827376369148,0,0,94.97,350.93333333333334,350.93333333333334,858.0777777777778,0.6009974823221769,0,0,0,386135,0.0,,,0.0
s2_L2_D0_rgbd_flow_r1,2,2,0,rgbd,flow,1,0,36.5,450,450,1.0,0.03282316579647739,0.02612749963693218,0,0,71.185,356.0422222222222,356.0422222222222,858.0377777777778,1.0,0,3249,0,382868,0.9977777777777778,0.0,,0.008414547922002916
s2_L2_D0_rgbd_none_r4,2,2,0,rgbd,none,4,0,32.2,450,450,1.0,0.03057580168023926,0.026425419533081092,0,0,60.891,360.49555555555554,360.49555555555554,858.0555555555555,1.0,0,0,0,386125,0.0,,,0.0
s2_L2_D0_rgbd_geom_r1,2,2,0,rgbd,geom,1,0,45.6,450,450,1.0,0.06025181073353225,0.04137844076360281,0,0,89.687,328.0511111111111,328.0511111111111,858.0355555555556,1.0,0,38396,0,347720,0.9977777777777778,0.0,,0.0994416185809446
s2_L2_D0_rgbd_geom_r2,2,2,0,rgbd,geom,2,0,46.5,450,450,1.0,0.054358725764304776,0.03937023499930106,0,0,91.172,330.8333333333333,330.8333333333333,858.0688888888889,1.0,0,36772,0,349359,0.9977777777777778,0.0,,0.0952319290603448
s2_L2_D0_rgbd_none_r3,2,2,0,rgbd,none,3,0,32.3,450,450,1.0,0.029830076624347036,0.024840044295576333,0,0,62.461,361.4977777777778,361.4977777777778,858.0688888888889,1.0,0,0,0,386131,0.0,,,0.0
s2_L2_D0_stereo_geom_r1,2,2,0,stereo,geom,1,0,51.6,450,450,1.0,0.008924038710679831,0.009883471815497738,0,0,105.407,258.8666666666667,258.8666666666667,858.0644444444445,0.6012219836910225,0,105354,0,280775,0.9977777777777778,0.0,,0.27284663933555886
s2_L2_D0_stereo_geom_r4,2,2,0,stereo,geom,4,0,52.5,450,450,1.0,0.009372842906967063,0.009820281676485947,0,0,106.029,254.6688888888889,254.6688888888889,858.0977777777778,0.6012075852358454,0,106349,0,279795,0.9977777777777778,0.0,,0.27541279937018315
s2_L2_D0_stereo_flow_r1,2,2,0,stereo,flow,1,0,50.4,450,450,1.0,0.010743515220527156,0.01075479186108042,0,0,102.803,347.61333333333334,347.61333333333334,858.0511111111111,0.6013312753857437,0,3342,0,382781,0.9977777777777778,0.0,,0.008655273060656837
s2_L2_D0_stereo_flow_r2,2,2,0,stereo,flow,2,0,50.4,450,450,1.0,0.012217401518282862,0.01503646438152542,0,0,101.019,349.68888888888887,349.68888888888887,858.0866666666667,0.6013729236511572,0,3436,0,382703,0.9977777777777778,0.0,,0.008898350076008898
s2_L2_D0_stereo_flow_r4,2,2,0,stereo,flow,4,0,46.3,450,450,1.0,0.009577320222863677,0.01182971726204321,0,0,93.896,350.72222222222223,350.72222222222223,858.0733333333334,0.6011219133274546,0,3415,0,382718,0.9977777777777778,0.0,,0.008844102938624775
s2_L2_D1_rgbd_geom_r2,2,2,1,rgbd,geom,2,0,45.2,450,450,1.0,0.05819244042174322,0.0476815736550745,0,0,89.537,286.84,294.5755555555556,897.3622222222223,1.0,34878,34265,19058,315612,0.9977777777777778,0.5044328420809048,0.6466552951646396,0.09793441695224321
s2_L2_D1_stereo_flow_r4,2,2,1,stereo,flow,4,0,51.4,450,450,1.0,0.208606376090445,0.34910582805407014,0,0,104.445,298.5155555555556,319.0155555555556,897.3622222222223,0.6141183080252895,2832,4822,51079,345080,0.9977777777777778,0.37000261301280374,0.05253102335330452,0.013781001537573377
s2_L2_D1_stereo_geom_r2,2,2,1,stereo,geom,2,0,53.6,450,450,1.0,0.05439712607710198,0.104767781667739,0,0,109.215,231.73333333333332,249.72666666666666,897.3266666666667,0.614317857205361,18095,93408,35811,256483,0.9977777777777778,0.16228262916692823,0.3356769190813639,0.2669631399492985
s2_L2_D1_stereo_geom_r1,2,2,1,stereo,geom,1,0,53.5,450,450,1.0,0.06536315158076528,0.1271874120924914,0,0,109.706,233.7488888888889,250.97555555555556,897.3755555555556,0.6139143589003497,17696,91498,36176,258449,0.9977777777777778,0.16206018645713136,0.3284823284823285,0.2614624500281471
s2_L2_D1_stereo_flow_r3,2,2,1,stereo,flow,3,0,51.4,450,450,1.0,0.18596002904877865,0.3153899080532628,0,0,103.636,295.25333333333333,316.43333333333334,897.3755555555556,0.614017604967322,2461,5269,51472,344617,0.9977777777777778,0.31836998706338937,0.04563068993009846,0.015059190707830551
s2_L2_D1_stereo_geom_r0,2,2,1,stereo,geom,0,0,53.5,450,450,1.0,0.06190206250741093,0.12196094437951153,0,0,109.482,234.20222222222222,252.09333333333333,897.3644444444444,0.6140054291720456,17022,90227,36884,259681,0.9977777777777778,0.15871476657125008,0.31577189923199644,0.25785920870628853
s2_L2_D1_rgbd_none_r2,2,2,1,rgbd,none,2,0,31.3,450,450,1.0,0.15389985443103926,0.24234816487000724,0,0,59.901,307.8355555555556,332.8488888888889,897.3355555555555,1.0,0,0,53912,349889,0.0,,0.0,0.0
s2_L2_D1_stereo_none_r0,2,2,1,stereo,none,0,0,46.6,450,450,1.0,0.1582490030732836,0.2983852927819971,0,0,93.602,301.3688888888889,322.3822222222222,897.3377777777778,0.6141146745913872,0,0,53935,349867,0.0,,0.0,0.0
s2_L2_D1_stereo_none_r4,2,2,1,stereo,none,4,0,46.4,450,450,1.0,0.15792178988518438,0.3128458791721854,0,0,92.771,293.1044444444444,314.69555555555553,897.3466666666667,0.6141291708974694,0,0,53942,349864,0.0,,0.0,0.0
s2_L2_D1_rgbd_none_r0,2,2,1,rgbd,none,0,0,32.3,450,450,1.0,0.16152419140136542,0.2851418958513986,0,0,61.985,310.5711111111111,335.35333333333335,897.3822222222223,1.0,0,0,53918,349904,0.0,,0.0,0.0
s2_L2_D1_stereo_flow_r1,2,2,1,stereo,flow,1,0,51.4,450,450,1.0,0.20667052107128212,0.3269164536811135,0,0,103.239,298.25111111111113,318.9844444444444,897.3977777777778,0.6140966409994588,2386,5365,51534,344544,0.9977777777777778,0.3078312475809573,0.04425074183976261,0.01533255789362377
s2_L2_D1_rgbd_geom_r3,2,2,1,rgbd,geom,3,0,44.3,450,450,1.0,0.0463898449799528,0.04719043223320095,0,0,88.279,298.34222222222223,305.24444444444447,897.4111111111112,1.0,35853,33000,18107,316875,0.9977777777777778,0.5207180515010239,0.6644366197183098,0.09431939978563773
s2_L2_D1_stereo_flow_r2,2,2,1,stereo,flow,2,0,50.3,450,450,1.0,0.15085995325432164,0.27601496539396414,0,0,102.315,297.46,320.09555555555556,897.3444444444444,0.6139023730276404,2601,5348,51331,344525,0.9977777777777778,0.32721096993332494,0.04822739746347252,0.015285546469719012
s2_L2_D1_rgbd_geom_r1,2,2,1,rgbd,geom,1,0,45.2,450,450,1.0,0.05412503951980637,0.041542517105662397,0,0,90.95,299.3355555555556,305.9222222222222,897.3511111111111,1.0,36524,31125,17401,318758,0.9977777777777778,0.5399045070880575,0.677311080203987,0.08895830892041054
s2_L2_D1_stereo_geom_r4,2,2,1,stereo,geom,4,0,53.5,450,450,1.0,0.0686154624642535,0.1381389952535729,0,0,109.763,231.72,250.20222222222222,897.3533333333334,0.6140841053254837,17534,93061,36391,256823,0.9977777777777778,0.1585424295854243,0.3251553082985628,0.26597672371414527
s2_L2_D1_rgbd_flow_r1,2,2,1,rgbd,flow,1,0,38.4,450,450,1.0,0.194182279386092,0.30342170088080855,0,0,74.646,306.93555555555554,332.54,897.3822222222223,1.0,2542,5251,51404,344625,0.9977777777777778,0.32619017066598227,0.04712119526934342,0.015008174324617865
s2_L2_D1_rgbd_none_r4,2,2,1,rgbd,none,4,0,31.2,450,450,1.0,0.14779455289886007,0.24596011444248758,0,0,60.115,306.43333333333334,329.6488888888889,897.3844444444444,1.0,0,0,53948,349875,0.0,,0.0,0.0
s2_L2_D1_stereo_none_r2,2,2,1,stereo,none,2,0,47.5,450,450,1.0,0.1751627972724734,0.30436135543438,0,0,94.52,302.62666666666667,323.32,897.3266666666667,0.6138650010751819,0,0,53894,349903,0.0,,0.0,0.0
s2_L2_D1_stereo_none_r1,2,2,1,stereo,none,1,0,46.4,450,450,1.0,0.1761171529754988,0.3140855936263156,0,0,92.673,300.17333333333335,321.24666666666667,897.3511111111111,0.614368397302667,0,0,53936,349872,0.0,,0.0,0.0
s2_L2_D1_rgbd_none_r1,2,2,1,rgbd,none,1,0,31.4,450,450,1.0,0.10972377210313498,0.19291236434233414,0,0,60.46,309.0711111111111,330.8066666666667,897.42,1.0,0,0,53920,349919,0.0,,0.0,0.0
s2_L2_D1_rgbd_flow_r4,2,2,1,rgbd,flow,4,0,38.4,450,450,1.0,0.2339127514953848,0.3809215025541406,0,0,74.464,306.5444444444444,331.84444444444443,897.3888888888889,1.0,2344,5674,51567,344240,0.9977777777777778,0.2923422299825393,0.0434790673517464,0.016215412930034236
s2_L2_D1_rgbd_flow_r0,2,2,1,rgbd,flow,0,0,38.4,450,450,1.0,0.13969871566076547,0.2349929950861661,0,0,75.923,309.73777777777775,334.4977777777778,897.3733333333333,1.0,2655,5313,51223,344627,0.9977777777777778,0.3332078313253012,0.04927799844092208,0.015182602731896897
s2_L2_D1_rgbd_none_r3,2,2,1,rgbd,none,3,0,32.4,450,450,1.0,0.15689081407445937,0.23563801215847902,0,0,62.048,303.18444444444447,327.03333333333336,897.3977777777778,1.0,0,0,53936,349893,0.0,,0.0,0.0
s2_L2_D1_rgbd_flow_r3,2,2,1,rgbd,flow,3,0,37.6,450,450,1.0,0.21196280754513813,0.3467544314648571,0,0,73.648,300.1222222222222,325.0022222222222,897.4044444444445,1.0,2575,5420,51359,344478,0.9977777777777778,0.3220762976860538,0.047743538398783696,0.01549022858090072
s2_L2_D1_rgbd_flow_r2,2,2,1,rgbd,flow,2,0,36.5,450,450,1.0,0.20977620476545453,0.334333925645743,0,0,71.716,299.26222222222225,325.46,897.3844444444444,1.0,2578,4673,51347,345225,0.9977777777777778,0.3555371672872707,0.047807139545665275,0.013355320693459237
s2_L2_D1_rgbd_geom_r0,2,2,1,rgbd,geom,0,0,45.5,450,450,1.0,0.06823256043415545,0.053164379741703786,0,0,89.972,291.06444444444446,298.99111111111114,897.3911111111111,1.0,35105,33741,18828,316152,0.9977777777777778,0.5099061673880836,0.6509001909776946,0.09643233788615377
s2_L2_D1_stereo_flow_r0,2,2,1,stereo,flow,0,0,51.4,450,450,1.0,0.14948865829405342,0.29134107541081206,0,0,104.383,302.84444444444443,325.25555555555553,897.4111111111112,0.6143698961512635,2456,5234,51440,344705,0.9977777777777778,0.31937581274382315,0.045569244470832715,0.014956892486976302
s2_L2_D1_stereo_geom_r3,2,2,1,stereo,geom,3,0,53.4,450,450,1.0,0.0674422420536983,0.13441448223681557,0,0,108.684,238.18666666666667,256.7266666666667,897.3777777777777,0.6141519230564221,17834,91761,36090,258135,0.9977777777777778,0.16272640175190475,0.3307247236851866,0.26225221208587696
s2_L2_D1_rgbd_geom_r4,2,2,1,rgbd,geom,4,0,44.4,450,450,1.0,0.10070455669050087,0.14039342502483457,0,0,87.34,278.93111111111114,289.32444444444445,897.4155555555556,1.0,32961,35049,20965,314862,0.9977777777777778,0.48464931627701807,0.6112264955680006,0.10016547064825056
s2_L2_D1_stereo_none_r3,2,2,1,stereo,none,3,0,46.4,450,450,1.0,0.17096119054189823,0.3085022223662998,0,0,92.093,301.99111111111114,321.90222222222224,897.3533333333334,0.6141211669977368,0,0,53929,349880,0.0,,0.0,0.0
s2_L2_D2_stereo_none_r4,2,2,2,stereo,none,4,0,44.8,450,450,1.0,1.2539168983571176,0.6498086980914094,0,0,89.358,199.79777777777778,280.3933333333333,927.7111111111111,0.5754422141298491,0,0,146678,270792,0.0,,0.0,0.0
s2_L2_D2_stereo_geom_r0,2,2,2,stereo,geom,0,0,50.9,450,417,0.9266666666666666,1.0558060974906054,0.6514003991819082,1,0,103.601,173.6978417266187,244.30455635491606,927.7044444444444,0.575655858216197,26934,64115,119742,206676,0.9266666666666666,0.295818734966886,0.18362922359486214,0.2367693165577881
s2_L2_D2_rgbd_geom_r0,2,2,2,rgbd,geom,0,0,36.3,450,278,0.6177777777777778,0.12117571522848819,0.14192705819130658,1,0,70.339,255.4820143884892,283.8561151079137,927.6911111111111,1.0,43003,17104,103617,253737,0.6177777777777778,0.7154407972449133,0.2932955940526531,0.06315144309761078
s2_L2_D2_rgbd_flow_r3,2,2,2,rgbd,flow,3,0,37.3,450,450,1.0,0.756074508869479,0.6573378274163737,0,0,71.804,197.92666666666668,278.08666666666664,927.7244444444444,1.0,17587,14583,129072,256234,0.9977777777777778,0.5466894622318931,0.1199176320580394,0.05384817053582308
s2_L2_D2_rgbd_flow_r4,2,2,2,rgbd,flow,4,0,29.3,450,131,0.2911111111111111,0.16568110778034165,0.3066569888630695,1,0,54.907,263.3435114503817,324.7480916030534,927.7488888888889,1.0,18081,14820,128627,255959,0.9977777777777778,0.549557764201696,0.12324481282547646,0.054730979876578316
s2_L2_D2_rgbd_flow_r1,2,2,2,rgbd,flow,1,0,37.4,450,450,1.0,0.9049289619517997,0.5441948225809934,0,0,72.622,200.73111111111112,279.9266666666667,927.6622222222222,1.0,18278,13465,128431,257274,0.9977777777777778,0.5758119900450493,0.12458676700134279,0.04973424589734024
s2_L2_D2_rgbd_flow_r2,2,2,2,rgbd,flow,2,0,38.3,450,450,1.0,0.832280054119514,0.5199258560664002,0,0,74.999,206.02444444444444,283.73333333333335,927.74,1.0,17844,14101,128844,256694,0.9977777777777778,0.5585850680857725,0.12164594240837696,0.05207260104507099
s2_L2_D2_stereo_geom_r2,2,2,2,stereo,geom,2,0,55.5,450,450,1.0,1.2077697245387502,0.6840307482313214,0,0,112.858,161.9177777777778,243.82222222222222,927.6933333333334,0.5754656605405336,29543,69226,117147,201546,0.9977777777777778,0.29911206957648656,0.20139750494239553,0.25566158982464954
s2_L2_D2_stereo_flow_r2,2,2,2,stereo,flow,2,0,52.4,450,450,1.0,1.0525638266565773,0.663415949974473,0,0,104.534,199.34222222222223,278.0711111111111,927.7244444444444,0.5756524231580717,18283,14455,128435,256303,0.9977777777777778,0.5584641700775856,0.12461320356057198,0.05338715753551142
s2_L2_D2_stereo_flow_r4,2,2,2,stereo,flow,4,0,50.5,450,450,1.0,0.9368010443746267,0.5848607101069297,0,0,101.991,199.9488888888889,275.84222222222223,927.7533333333333,0.5756836180619103,18137,15156,128544,255652,0.9977777777777778,0.5447691706965428,0.12364927972948098,0.05596585034415527
s2_L2_D2_stereo_flow_r3,2,2,2,stereo,flow,3,0,49.5,450,370,0.8222222222222222,0.5856468061815008,0.5840361185789222,1,0,100.472,225.0081081081081,286.96216216216214,927.74,0.5755112065109551,17895,13536,128796,257256,0.9977777777777778,0.5693423689987592,0.12199112419984866,0.0499867056633874
s2_L2_D2_rgbd_none_r2,2,2,2,rgbd,none,2,0,30.4,450,450,1.0,0.8090077139436253,0.6592020660337436,0,0,58.35,199.44666666666666,287.1711111111111,927.7,1.0,0,0,146673,270792,0.0,,0.0,0.0
s2_L2_D2_rgbd_geom_r4,2,2,2,rgbd,geom,4,0,40.4,450,384,0.8533333333333334,0.32442326639833485,0.2710797307412796,1,0,80.213,230.67708333333334,258.5598958333333,927.6977777777778,1.0,69225,26933,77376,243930,0.8533333333333334,0.7199088999355228,0.4722000532056398,0.099434031226118
s2_L2_D2_stereo_none_r2,2,2,2,stereo,none,2,0,47.3,450,450,1.0,1.3069995847586515,0.6694504270369822,0,0,92.937,203.74444444444444,285.7888888888889,927.7133333333334,0.5754415553590121,0,0,146638,270833,0.0,,0.0,0.0
s2_L2_D2_stereo_geom_r4,2,2,2,stereo,geom,4,0,52.6,450,450,1.0,1.1641161959112047,0.6509668153119521,0,0,107.047,164.7577777777778,243.76444444444445,927.6844444444445,0.575370088551422,30282,68999,116423,201754,0.9977777777777778,0.3050130437848128,0.20641423264374084,0.25484112826081334
s2_L2_D2_rgbd_geom_r1,2,2,2,rgbd,geom,1,0,43.4,450,450,1.0,0.5148436313027298,0.4538148761339433,0,0,85.869,207.63333333333333,256.9244444444444,927.7111111111111,1.0,79532,41181,67137,229620,0.9977777777777778,0.6588519877726509,0.5422550095793931,0.1520710780240841
s2_L2_D2_rgbd_none_r3,2,2,2,rgbd,none,3,0,31.4,450,450,1.0,0.7344961326614984,0.6531334042369664,0,0,58.35,202.65777777777777,288.38444444444445,927.7288888888888,1.0,0,0,146698,270780,0.0,,0.0,0.0
s2_L2_D2_stereo_none_r0,2,2,2,stereo,none,0,0,46.4,450,450,1.0,1.129385111594795,0.679146778668675,0,0,92.019,197.0377777777778,277.0288888888889,927.7622222222222,0.5757442490123722,0,0,146692,270801,0.0,,0.0,0.0
s2_L2_D2_stereo_flow_r1,2,2,2,stereo,flow,1,0,50.4,450,450,1.0,0.8825925851354522,0.6118411838137593,0,0,101.193,197.18666666666667,275.8333333333333,927.7111111111111,0.5753891596194425,17539,14067,129130,256734,0.9977777777777778,0.5549262798202873,0.11958218846518351,0.05194589384825019
s2_L2_D2_stereo_flow_r0,2,2,2,stereo,flow,0,0,50.3,450,450,1.0,0.7081548277088464,0.5733440320702342,0,0,100.061,199.95111111111112,274.47777777777776,927.7177777777778,0.5755057333210651,17639,14250,129085,256499,0.9977777777777778,0.5531374455141271,0.12021891442436139,0.052631773339883066
s2_L2_D2_stereo_none_r1,2,2,2,stereo,none,1,0,45.4,450,450,1.0,1.0810757174095704,0.6666716447724996,0,0,91.281,201.14888888888888,278.1044444444444,927.7711111111112,0.5756882506745892,0,0,146712,270785,0.0,,0.0,0.0
s2_L2_D2_stereo_geom_r3,2,2,2,stereo,geom,3,0,52.5,450,417,0.9266666666666666,1.0026357472231253,0.6468511490789252,1,0,106.232,169.75539568345323,241.5587529976019,927.7488888888889,0.5756248657907649,27469,65133,119210,205675,0.9266666666666666,0.2966350618777132,0.18727288841620138,0.24051357419278604
s2_L2_D2_rgbd_flow_r0,2,2,2,rgbd,flow,0,0,37.5,450,450,1.0,0.8767546758904904,0.5950779235166751,0,0,72.261,206.12666666666667,287.5311111111111,927.7244444444444,1.0,18691,13563,128017,257205,0.9977777777777778,0.579494016246047,0.12740273195735746,0.05009085268569403
s2_L2_D2_rgbd_none_r0,2,2,2,rgbd,none,0,0,30.4,450,450,1.0,0.7605221706062109,0.6068795370017694,0,0,57.617,200.71333333333334,284.9066666666667,927.7044444444444,1.0,0,0,146680,270787,0.0,,0.0,0.0
s2_L2_D2_stereo_none_r3,2,2,2,stereo,none,3,0,44.4,450,372,0.8266666666666667,0.6879054650309537,0.5675906256688049,2,0,88.142,221.99193548387098,284.505376344086,927.7288888888888,0.5755673249753744,0,0,146641,270837,0.0,,0.0,0.0
s2_L2_D2_rgbd_geom_r3,2,2,2,rgbd,geom,3,0,43.3,450,450,1.0,0.4325937833905208,0.4323984622217801,0,0,86.059,209.73111111111112,257.9555555555556,927.7177777777778,1.0,80900,37718,65788,233067,0.9977777777777778,0.6820212783894518,0.5515106893542757,0.13929131968166628
s2_L2_D2_stereo_geom_r1,2,2,2,stereo,geom,1,0,54.7,450,450,1.0,1.269680362779256,0.6699646768501438,0,0,110.044,163.93555555555557,243.47555555555556,927.72,0.5753264465486126,30131,68935,116519,201889,0.9977777777777778,0.3041507681747522,0.2054619843163996,0.2545380025403952
s2_L2_D2_rgbd_none_r4,2,2,2,rgbd,none,4,0,31.3,450,450,1.0,0.7273419373328337,0.6079502868640161,0,0,59.26,202.95555555555555,290.58666666666664,927.6511111111112,1.0,0,0,146750,270693,0.0,,0.0,0.0
s2_L2_D2_rgbd_none_r1,2,2,2,rgbd,none,1,0,30.3,450,450,1.0,0.9486458828238377,0.5824781312882985,0,0,56.92,207.89555555555555,289.80444444444447,927.7444444444444,1.0,0,0,146682,270803,0.0,,0.0,0.0
s2_L2_D2_rgbd_geom_r2,2,2,2,rgbd,geom,2,0,42.7,450,450,1.0,0.5510685381042825,0.5001538052627835,0,0,84.324,201.56444444444443,255.12444444444444,927.7488888888889,1.0,79294,39979,67316,230898,0.9977777777777778,0.6648109798529425,0.540849873814883,0.14759097302465696
s2_L3_D0_rgbd_flow_r2,2,3,0,rgbd,flow,2,3221225477,16.0,450,0,0.0,,,0,0,,0.0,0.0,287.6533333333333,1.0,0,2637,0,126807,0.9977777777777778,0.0,,0.02037174376564383
s2_L3_D0_rgbd_none_r1,2,3,0,rgbd,none,1,3221225477,16.1,450,0,0.0,,,0,0,,0.0,0.0,287.6533333333333,1.0,0,0,0,129444,0.0,,,0.0
s2_L3_D0_rgbd_none_r3,2,3,0,rgbd,none,3,3221225477,16.1,450,0,0.0,,,0,0,,0.0,0.0,287.6533333333333,1.0,0,0,0,129444,0.0,,,0.0
s2_L3_D0_rgbd_flow_r1,2,3,0,rgbd,flow,1,3221225477,18.0,450,0,0.0,,,0,0,,0.0,0.0,287.6533333333333,1.0,0,2637,0,126807,0.9977777777777778,0.0,,0.02037174376564383
s2_L3_D0_stereo_none_r3,2,3,0,stereo,none,3,3221225477,23.1,450,0,0.0,,,0,0,,0.0,0.0,287.6533333333333,0.690943826920403,0,0,0,129444,0.0,,,0.0
s2_L3_D0_stereo_flow_r2,2,3,0,stereo,flow,2,3221225477,25.1,450,0,0.0,,,0,0,,0.0,0.0,287.6533333333333,0.690943826920403,0,2637,0,126807,0.9977777777777778,0.0,,0.02037174376564383
s2_L3_D0_rgbd_geom_r1,2,3,0,rgbd,geom,1,3221225477,17.0,450,0,0.0,,,0,0,,0.0,0.0,287.6533333333333,1.0,0,0,0,129444,0.0,,,0.0
s2_L3_D0_rgbd_geom_r3,2,3,0,rgbd,geom,3,3221225477,16.0,450,0,0.0,,,0,0,,0.0,0.0,287.6533333333333,1.0,0,0,0,129444,0.0,,,0.0
s2_L3_D0_stereo_none_r1,2,3,0,stereo,none,1,3221225477,20.0,450,0,0.0,,,0,0,,0.0,0.0,287.6533333333333,0.690943826920403,0,0,0,129444,0.0,,,0.0
s2_L3_D0_rgbd_flow_r4,2,3,0,rgbd,flow,4,3221225477,17.0,450,0,0.0,,,0,0,,0.0,0.0,287.6533333333333,1.0,0,2637,0,126807,0.9977777777777778,0.0,,0.02037174376564383
s2_L3_D0_stereo_flow_r4,2,3,0,stereo,flow,4,3221225477,24.1,450,0,0.0,,,0,0,,0.0,0.0,287.6533333333333,0.690943826920403,0,2637,0,126807,0.9977777777777778,0.0,,0.02037174376564383
s2_L3_D0_stereo_flow_r1,2,3,0,stereo,flow,1,3221225477,25.1,450,0,0.0,,,0,0,,0.0,0.0,287.6533333333333,0.690943826920403,0,2637,0,126807,0.9977777777777778,0.0,,0.02037174376564383
s2_L3_D0_stereo_geom_r2,2,3,0,stereo,geom,2,3221225477,22.0,450,0,0.0,,,0,0,,0.0,0.0,287.6533333333333,0.690943826920403,0,0,0,129444,0.0,,,0.0
s2_L3_D0_stereo_none_r4,2,3,0,stereo,none,4,3221225477,22.1,450,0,0.0,,,0,0,,0.0,0.0,287.6533333333333,0.690943826920403,0,0,0,129444,0.0,,,0.0
s2_L3_D0_stereo_geom_r3,2,3,0,stereo,geom,3,3221225477,23.1,450,0,0.0,,,0,0,,0.0,0.0,287.6533333333333,0.690943826920403,0,0,0,129444,0.0,,,0.0
s2_L3_D0_stereo_geom_r0,2,3,0,stereo,geom,0,3221225477,23.1,450,0,0.0,,,0,0,,0.0,0.0,287.6533333333333,0.690943826920403,0,0,0,129444,0.0,,,0.0
s2_L3_D0_stereo_flow_r0,2,3,0,stereo,flow,0,3221225477,24.0,450,0,0.0,,,0,0,,0.0,0.0,287.6533333333333,0.690943826920403,0,2637,0,126807,0.9977777777777778,0.0,,0.02037174376564383
s2_L3_D0_rgbd_geom_r4,2,3,0,rgbd,geom,4,3221225477,16.0,450,0,0.0,,,0,0,,0.0,0.0,287.6533333333333,1.0,0,0,0,129444,0.0,,,0.0
s2_L3_D0_rgbd_none_r0,2,3,0,rgbd,none,0,3221225477,16.0,450,0,0.0,,,0,0,,0.0,0.0,287.6533333333333,1.0,0,0,0,129444,0.0,,,0.0
s2_L3_D0_rgbd_none_r4,2,3,0,rgbd,none,4,3221225477,16.1,450,0,0.0,,,0,0,,0.0,0.0,287.6533333333333,1.0,0,0,0,129444,0.0,,,0.0
s2_L3_D0_stereo_geom_r4,2,3,0,stereo,geom,4,3221225477,22.1,450,0,0.0,,,0,0,,0.0,0.0,287.6533333333333,0.690943826920403,0,0,0,129444,0.0,,,0.0
s2_L3_D0_stereo_flow_r3,2,3,0,stereo,flow,3,3221225477,24.0,450,0,0.0,,,0,0,,0.0,0.0,287.6533333333333,0.690943826920403,0,2637,0,126807,0.9977777777777778,0.0,,0.02037174376564383
s2_L3_D0_stereo_geom_r1,2,3,0,stereo,geom,1,3221225477,22.0,450,0,0.0,,,0,0,,0.0,0.0,287.6533333333333,0.690943826920403,0,0,0,129444,0.0,,,0.0
s2_L3_D0_stereo_none_r2,2,3,0,stereo,none,2,3221225477,22.0,450,0,0.0,,,0,0,,0.0,0.0,287.6533333333333,0.690943826920403,0,0,0,129444,0.0,,,0.0
s2_L3_D0_stereo_none_r0,2,3,0,stereo,none,0,3221225477,22.0,450,0,0.0,,,0,0,,0.0,0.0,287.6533333333333,0.690943826920403,0,0,0,129444,0.0,,,0.0
s2_L3_D0_rgbd_flow_r3,2,3,0,rgbd,flow,3,3221225477,17.0,450,0,0.0,,,0,0,,0.0,0.0,287.6533333333333,1.0,0,2637,0,126807,0.9977777777777778,0.0,,0.02037174376564383
s2_L3_D0_rgbd_flow_r0,2,3,0,rgbd,flow,0,3221225477,16.1,450,0,0.0,,,0,0,,0.0,0.0,287.6533333333333,1.0,0,2637,0,126807,0.9977777777777778,0.0,,0.02037174376564383
s2_L3_D0_rgbd_geom_r0,2,3,0,rgbd,geom,0,3221225477,16.1,450,0,0.0,,,0,0,,0.0,0.0,287.6533333333333,1.0,0,0,0,129444,0.0,,,0.0
s2_L3_D0_rgbd_none_r2,2,3,0,rgbd,none,2,3221225477,16.1,450,0,0.0,,,0,0,,0.0,0.0,287.6533333333333,1.0,0,0,0,129444,0.0,,,0.0
s2_L3_D0_rgbd_geom_r2,2,3,0,rgbd,geom,2,3221225477,16.0,450,0,0.0,,,0,0,,0.0,0.0,287.6533333333333,1.0,0,0,0,129444,0.0,,,0.0
s2_L3_D1_stereo_flow_r4,2,3,1,stereo,flow,4,0,32.5,450,450,1.0,0.70872666393231,0.5373917240055108,0,0,63.082,103.6288888888889,161.14,429.55333333333334,0.7082167029833737,2142,5969,68341,116847,0.9977777777777778,0.26408580939464926,0.030390306882510678,0.04860115945805107
s2_L3_D1_stereo_none_r0,2,3,1,stereo,none,0,0,30.6,450,450,1.0,0.5649333742166971,0.5905745775645396,0,0,59.098,114.12444444444445,166.3711111111111,429.55333333333334,0.7082167029833737,0,0,70483,122816,0.0,,0.0,0.0
s2_L3_D1_rgbd_flow_r3,2,3,1,rgbd,flow,3,0,26.3,450,450,1.0,0.6636704549736974,0.48184257360059846,0,0,47.918,95.21555555555555,149.18,429.55333333333334,1.0,2185,6047,68298,116769,0.9977777777777778,0.2654275996112731,0.031000383071095157,0.04923625586242835
s2_L3_D1_rgbd_flow_r4,2,3,1,rgbd,flow,4,0,26.1,450,450,1.0,0.679502177080235,0.5177375712579018,0,0,48.703,96.04444444444445,149.71777777777777,429.55333333333334,1.0,2167,5946,68316,116870,0.9977777777777778,0.26710218168371747,0.030745002340990025,0.048413887441375716
s2_L3_D1_stereo_none_r4,2,3,1,stereo,none,4,0,31.4,450,450,1.0,0.5080473736948752,0.5787333954170931,0,0,59.125,112.68,165.51333333333332,429.55333333333334,0.7082167029833737,0,0,70483,122816,0.0,,0.0,0.0
s2_L3_D1_rgbd_geom_r0,2,3,1,rgbd,geom,0,0,28.4,450,450,1.0,0.6745179147637556,0.4818088878296881,0,0,54.742,96.63111111111111,134.00444444444443,429.55333333333334,1.0,27216,21165,43267,101651,0.9977777777777778,0.5625348793948037,0.3861356639189592,0.1723309666492965
s2_L3_D1_rgbd_none_r4,2,3,1,rgbd,none,4,0,23.1,450,450,1.0,0.5748267132578945,0.5542731640730229,0,0,41.484,102.50444444444445,153.93777777777777,429.55333333333334,1.0,0,0,70483,122816,0.0,,0.0,0.0
s2_L3_D1_stereo_flow_r1,2,3,1,stereo,flow,1,0,32.4,450,450,1.0,0.7167081514250365,0.5895032255442656,0,0,61.95,102.26222222222222,161.83555555555554,429.55333333333334,0.7082167029833737,2178,5944,68305,116872,0.9977777777777778,0.26816055158827873,0.03090106834272094,0.04839760291818655
s2_L3_D1_stereo_geom_r3,2,3,1,stereo,geom,3,0,33.4,450,266,0.5911111111111111,0.48409078278907647,0.46720481265828057,1,0,63.866,114.23308270676692,171.3421052631579,429.55333333333334,0.7082167029833737,15366,19078,55117,103738,0.5911111111111111,0.4461154337475322,0.21801001659974745,0.15533806670140698
s2_L3_D1_rgbd_none_r1,2,3,1,rgbd,none,1,0,23.3,450,450,1.0,0.7438383600943677,0.4986606194633233,0,0,41.211,101.39777777777778,158.27333333333334,429.55333333333334,1.0,0,0,70483,122816,0.0,,0.0,0.0
s2_L3_D1_rgbd_flow_r2,2,3,1,rgbd,flow,2,0,25.2,450,450,1.0,0.6821111729343663,0.5044954914915332,0,0,45.844,97.20666666666666,152.0822222222222,429.55333333333334,1.0,2140,6267,68343,116549,0.9977777777777778,0.2545497799452837,0.03036193124583233,0.05102755341323606
s2_L3_D1_rgbd_none_r0,2,3,1,rgbd,none,0,0,23.3,450,450,1.0,0.5552561346674818,0.4419464579957816,0,0,42.304,97.27777777777777,148.70666666666668,429.55333333333334,1.0,0,0,70483,122816,0.0,,0.0,0.0
s2_L3_D1_rgbd_geom_r1,2,3,1,rgbd,geom,1,0,19.2,450,85,0.18888888888888888,0.5082228128605715,0.8426654673531982,1,0,32.645,107.10588235294118,183.27058823529413,429.55333333333334,1.0,8586,8903,61897,113913,0.18888888888888888,0.49093716050088626,0.12181660826014784,0.07249055497655028
s2_L3_D1_stereo_none_r3,2,3,1,stereo,none,3,0,31.1,450,450,1.0,0.5788474639375307,0.6061718185349504,0,0,59.358,109.46444444444444,166.64222222222222,429.55333333333334,0.7082167029833737,0,0,70483,122816,0.0,,0.0,0.0
s2_L3_D1_stereo_geom_r2,2,3,1,stereo,geom,2,0,32.2,450,266,0.5911111111111111,0.454509452329121,0.4362390648184355,1,0,62.707,115.04511278195488,169.4699248120301,429.55333333333334,0.7082167029833737,15007,17831,55476,104985,0.5911111111111111,0.4570010353858335,0.212916589815984,0.14518466649296508
s2_L3_D1_rgbd_geom_r3,2,3,1,rgbd,geom,3,0,25.2,450,243,0.54,0.6538315942392919,0.5518811195760304,1,0,48.133,106.98765432098766,153.78600823045267,429.55333333333334,1.0,18864,15890,51619,106926,0.54,0.5427864418484203,0.2676390051501781,0.12938053673788433
s2_L3_D1_rgbd_none_r2,2,3,1,rgbd,none,2,0,21.0,450,450,1.0,0.6217176190427859,0.524483066330981,0,0,37.445,101.07777777777778,154.52,429.55333333333334,1.0,0,0,70483,122816,0.0,,0.0,0.0
s2_L3_D1_stereo_flow_r3,2,3,1,stereo,flow,3,0,31.3,450,450,1.0,0.5633048930617278,0.5136403191273853,0,0,59.962,107.21555555555555,163.34222222222223,429.55333333333334,0.7082167029833737,2162,5941,68321,116875,0.9977777777777778,0.2668147599654449,0.030674063249294156,0.048373176133402813
s2_L3_D1_stereo_geom_r0,2,3,1,stereo,geom,0,0,31.3,450,293,0.6511111111111111,0.5210259928102109,0.4845153933940723,1,0,60.417,111.46757679180887,160.59726962457339,429.55333333333334,0.7082167029833737,15122,20656,55361,102160,0.6511111111111111,0.4226619710436581,0.214548188924989,0.16818655549765502
s2_L3_D1_stereo_flow_r2,2,3,1,stereo,flow,2,0,30.2,450,450,1.0,0.6637892119474387,0.5719603803841218,0,0,57.578,99.86666666666666,160.7288888888889,429.55333333333334,0.7082167029833737,2143,5900,68340,116916,0.9977777777777778,0.26644286957602886,0.03040449470084985,0.048039343408025015
s2_L3_D1_rgbd_geom_r4,2,3,1,rgbd,geom,4,0,24.1,450,237,0.5266666666666666,0.6938392121952925,0.5933764129202364,1,0,43.518,110.35443037974683,159.70886075949366,429.55333333333334,1.0,18125,15918,52358,106898,0.5266666666666666,0.5324148870546074,0.2571542073975285,0.12960852006253257
s2_L3_D1_stereo_none_r1,2,3,1,stereo,none,1,0,27.3,450,450,1.0,0.5082757542188074,0.5610897500108594,0,0,52.114,113.51555555555555,163.82666666666665,429.55333333333334,0.7082167029833737,0,0,70483,122816,0.0,,0.0,0.0
s2_L3_D1_rgbd_flow_r0,2,3,1,rgbd,flow,0,0,24.3,450,450,1.0,0.6425402762629042,0.4744356593309761,0,0,44.799,96.5911111111111,151.4311111111111,429.55333333333334,1.0,2113,6062,68370,116754,0.9977777777777778,0.2584709480122324,0.029978860150674632,0.04935838978634705
s2_L3_D1_stereo_geom_r4,2,3,1,stereo,geom,4,0,31.3,450,297,0.66,0.41234898801843434,0.42280691465196557,1,0,60.462,108.79124579124579,156.04040404040404,429.55333333333334,0.7082167029833737,15894,19829,54589,102987,0.66,0.44492343868096185,0.2255011846828313,0.16145290515893695
s2_L3_D1_stereo_flow_r0,2,3,1,stereo,flow,0,0,31.2,450,450,1.0,0.6323129687057581,0.5674566986147125,0,0,60.868,105.73555555555555,164.33555555555554,429.55333333333334,0.7082167029833737,2157,6105,68326,116711,0.9977777777777778,0.2610748002904866,0.030603124157598287,0.049708507034914015
s2_L3_D1_rgbd_none_r3,2,3,1,rgbd,none,3,0,22.2,450,450,1.0,0.5506879014326351,0.5314517517920382,0,0,39.854,99.7311111111111,152.65555555555557,429.55333333333334,1.0,0,0,70483,122816,0.0,,0.0,0.0
s2_L3_D1_stereo_geom_r1,2,3,1,stereo,geom,1,0,31.4,450,291,0.6466666666666666,0.46360811558974296,0.4584087594578073,1,0,59.773,105.7491408934708,160.59450171821305,429.55333333333334,0.7082167029833737,13841,20775,56642,102041,0.6466666666666666,0.399844002773284,0.19637359363250714,0.16915548462741012
s2_L3_D1_rgbd_geom_r2,2,3,1,rgbd,geom,2,0,24.2,450,238,0.5288888888888889,0.7529298041998328,0.6027090920598169,1,0,43.73,110.0126050420168,161.01680672268907,429.55333333333334,1.0,16691,16295,53792,106521,0.5288888888888889,0.5060025465348936,0.23680887589915298,0.13267815268368943
s2_L3_D1_rgbd_flow_r1,2,3,1,rgbd,flow,1,0,21.2,450,450,1.0,0.6225621307617574,0.45420285646109504,0,0,37.833,95.39555555555556,152.6888888888889,429.55333333333334,1.0,2187,5977,68296,116839,0.9977777777777778,0.2678833904948555,0.031028758707773507,0.04866629755080771
s2_L3_D1_stereo_none_r2,2,3,1,stereo,none,2,0,25.2,450,450,1.0,0.6641686595801881,0.5964739087161124,0,0,48.752,105.83111111111111,167.74444444444444,429.55333333333334,0.7082167029833737,0,0,70483,122816,0.0,,0.0,0.0
s2_L3_D2_rgbd_none_r2,2,3,2,rgbd,none,2,0,18.0,450,301,0.6688888888888889,0.7806674345064675,0.8341139582925057,1,0,32.927,84.31893687707641,218.82724252491695,659.8844444444444,1.0,0,0,186625,110323,0.0,,0.0,0.0
s2_L3_D2_rgbd_none_r1,2,3,2,rgbd,none,1,0,19.1,450,301,0.6688888888888889,0.8057712214220647,0.8248148478439253,1,0,33.693,87.21594684385381,219.13621262458472,659.8866666666667,1.0,0,0,186628,110321,0.0,,0.0,0.0
s2_L3_D2_rgbd_flow_r0,2,3,2,rgbd,flow,0,0,19.2,450,231,0.5133333333333333,0.908094841155004,0.6364321285440445,1,0,35.427,94.93939393939394,211.03896103896105,659.8866666666667,1.0,14900,14156,171714,96179,0.9977777777777778,0.5128028634361234,0.07984395597329247,0.12830017673449043
s2_L3_D2_stereo_none_r0,2,3,2,stereo,none,0,0,27.1,450,232,0.5155555555555555,0.9970382246279578,0.6382860484668178,1,0,51.744,128.33620689655172,227.60775862068965,659.8955555555556,0.6676473810112203,0,0,186605,110348,0.0,,0.0,0.0
s2_L3_D2_stereo_none_r4,2,3,2,stereo,none,4,0,27.1,450,232,0.5155555555555555,0.8284265633303122,0.5110462980726984,1,0,52.333,134.08620689655172,230.45689655172413,659.8977777777778,0.6676075193204759,0,0,186617,110337,0.0,,0.0,0.0
s2_L3_D2_stereo_geom_r4,2,3,2,stereo,geom,4,0,29.1,450,230,0.5111111111111111,0.6631304436631962,0.5645455033721575,1,0,57.62,115.81304347826087,197.7913043478261,659.88,0.6676626408654268,34572,16600,152046,93728,0.5111111111111111,0.675603845853201,0.18525544159727358,0.15046044521789573
s2_L3_D2_stereo_flow_r3,2,3,2,stereo,flow,3,0,30.1,450,231,0.5133333333333333,0.9435640665201487,0.5525170416736366,1,0,58.331,109.67965367965368,217.8095238095238,659.8844444444444,0.6676776206700237,14905,14659,171721,95663,0.9977777777777778,0.5041604654309295,0.07986561358010139,0.13287467594858687
s2_L3_D2_stereo_flow_r2,2,3,2,stereo,flow,2,0,30.1,450,231,0.5133333333333333,0.807035401217091,0.6344313262779594,1,0,58.475,115.0995670995671,218.9004329004329,659.8755555555556,0.667655117957582,14552,15098,172063,95231,0.9977777777777778,0.49079258010118043,0.07797872625458832,0.1368452537410835
s2_L3_D2_stereo_flow_r4,2,3,2,stereo,flow,4,0,29.1,450,232,0.5155555555555555,0.6499650618709163,0.5602504627124537,1,0,57.256,112.63362068965517,222.07327586206895,659.8888888888889,0.6676351155332394,14117,15246,172494,95093,0.9977777777777778,0.48077512515751114,0.07564934542979782,0.13817417232347584
s2_L3_D2_rgbd_geom_r4,2,3,2,rgbd,geom,4,0,22.1,450,231,0.5133333333333333,0.7501211076654435,0.5900908019078683,1,0,40.315,110.61904761904762,187.2034632034632,659.8866666666667,1.0,39707,16226,146920,94096,0.5133333333333333,0.7099029195644789,0.2127612832012517,0.14707855187541924
s2_L3_D2_rgbd_flow_r4,2,3,2,rgbd,flow,4,0,21.1,450,231,0.5133333333333333,0.8994505732086417,0.5931889386811601,1,0,38.397,93.74458874458874,209.63636363636363,659.8777777777777,1.0,14869,14406,171734,95936,0.9977777777777778,0.5079077711357813,0.07968253457875811,0.13055772054158887
s2_L3_D2_stereo_geom_r2,2,3,2,stereo,geom,2,0,30.1,450,231,0.5133333333333333,0.5257746363376858,0.5236257379388719,1,0,57.659,116.6017316017316,200.82683982683983,659.8844444444444,0.667654448521511,34379,17870,152232,92467,0.5111111111111111,0.6579838848590404,0.1842281537529942,0.16195836392144067
s2_L3_D2_rgbd_none_r0,2,3,2,rgbd,none,0,0,19.1,450,301,0.6688888888888889,0.777744387041783,0.7920094065597459,1,0,33.724,87.1029900332226,223.30232558139534,659.8955555555556,1.0,0,0,186631,110322,0.0,,0.0,0.0
s2_L3_D2_stereo_geom_r1,2,3,2,stereo,geom,1,0,31.1,450,230,0.5111111111111111,0.6046470972091587,0.5396137233145224,1,0,61.793,119.6,200.2608695652174,659.8866666666667,0.66768992682978,34459,15518,152156,94816,0.5111111111111111,0.6894971686976009,0.18465289499772258,0.14064567585694346
s2_L3_D2_stereo_none_r1,2,3,2,stereo,none,1,0,28.1,450,232,0.5155555555555555,0.9537874168986833,0.6967028542631862,1,0,53.939,122.47413793103448,225.77586206896552,659.8888888888889,0.6676601224700522,0,0,186616,110334,0.0,,0.0,0.0
s2_L3_D2_rgbd_geom_r1,2,3,2,rgbd,geom,1,0,22.1,450,231,0.5133333333333333,0.7616277729036943,0.5938630231068194,1,0,41.224,108.26406926406926,184.86147186147187,659.8844444444444,1.0,38948,16401,147668,93931,0.5133333333333333,0.7036802832932845,0.2087066489475715,0.14865134321864917
s2_L3_D2_rgbd_flow_r1,2,3,2,rgbd,flow,1,0,20.1,450,231,0.5133333333333333,0.8650368302903184,0.591507341299635,1,0,36.46,101.48484848484848,216.92640692640694,659.8755555555556,1.0,15151,15328,171460,95005,0.9977777777777778,0.49709636142918073,0.08119028353098157,0.1389248910117553
s2_L3_D2_stereo_geom_r0,2,3,2,stereo,geom,0,0,30.1,450,231,0.5133333333333333,0.49369782082350855,0.49896932020163615,1,0,58.444,120.18614718614718,201.85281385281385,659.8977777777778,0.6676665205217329,34387,15890,152216,94461,0.5133333333333333,0.6839509119478091,0.18427892370433488,0.14399507027575645
s2_L3_D2_stereo_none_r3,2,3,2,stereo,none,3,0,27.1,450,232,0.5155555555555555,0.7477281945560845,0.5306870824920015,1,0,52.11,128.09913793103448,224.18965517241378,659.8888888888889,0.6676213646189908,0,0,186629,110321,0.0,,0.0,0.0
s2_L3_D2_stereo_none_r2,2,3,2,stereo,none,2,0,27.1,450,232,0.5155555555555555,1.0608942882181884,0.6870099102974658,1,0,51.864,123.67672413793103,226.7543103448276,659.8955555555556,0.6676737215289126,0,0,186618,110335,0.0,,0.0,0.0
s2_L3_D2_rgbd_geom_r0,2,3,2,rgbd,geom,0,0,16.1,450,52,0.11555555555555555,0.6292993564624907,1.076415329142733,1,0,27.425,124.9423076923077,218.34615384615384,659.8911111111111,1.0,6331,6009,180296,104315,0.11555555555555555,0.5130470016207456,0.033923280125598115,0.05446684311663826
s2_L3_D2_rgbd_geom_r2,2,3,2,rgbd,geom,2,0,20.1,450,230,0.5111111111111111,0.5877663941140684,0.5492785752531649,1,0,37.629,114.5391304347826,188.15217391304347,659.8866666666667,1.0,40753,14980,145862,95354,0.5111111111111111,0.7312184881488526,0.21838008734560457,0.1357695723892907
s2_L3_D2_stereo_flow_r1,2,3,2,stereo,flow,1,0,29.1,450,232,0.5155555555555555,0.9410128716948262,0.691087045155113,1,0,57.136,114.20689655172414,223.4655172413793,659.8955555555556,0.6676320922151349,14711,14915,171904,95423,0.9977777777777778,0.49655707824208467,0.07883074779626503,0.13517555148724827
s2_L3_D2_rgbd_flow_r2,2,3,2,rgbd,flow,2,0,20.1,450,232,0.5155555555555555,0.820276506311361,0.6012079121341258,1,0,37.222,99.01724137931035,212.56034482758622,659.8933333333333,1.0,14824,14451,171792,95885,0.9977777777777778,0.5063706233988045,0.07943584687272259,0.13097266531322505
s2_L3_D2_stereo_geom_r3,2,3,2,stereo,geom,3,0,30.2,450,229,0.5088888888888888,0.43308926133197,0.457278419669679,1,0,60.281,121.24017467248909,202.07860262008734,659.8755555555556,0.6677089720415688,33812,16098,152792,94242,0.5088888888888888,0.6774594269685433,0.18119654455424322,0.14589450788471994
s2_L3_D2_rgbd_none_r4,2,3,2,rgbd,none,4,0,19.1,450,230,0.5111111111111111,0.8070915081329456,0.6225570449259562,1,0,33.59,108.23478260869565,219.9217391304348,659.8844444444444,1.0,0,0,186617,110331,0.0,,0.0,0.0
s2_L3_D2_rgbd_flow_r3,2,3,2,rgbd,flow,3,0,21.2,450,230,0.5111111111111111,0.8395123977963208,0.5775404373996691,1,0,38.45,94.8391304347826,213.25652173913045,659.8866666666667,1.0,14649,14590,171974,95736,0.9977777777777778,0.5010089264338725,0.0784951479721149,0.13224443920743978
s2_L3_D2_rgbd_geom_r3,2,3,2,rgbd,geom,3,0,21.1,450,230,0.5111111111111111,0.8505385656197182,0.6133969497353746,1,0,38.58,111.67826086956522,189.94347826086957,659.8866666666667,1.0,38223,15681,148399,94646,0.5111111111111111,0.7090939447907391,0.20481508075146554,0.14213202570540304
s2_L3_D2_rgbd_none_r3,2,3,2,rgbd,none,3,0,16.1,450,231,0.5133333333333333,0.8960050148277502,0.6381036116650043,1,0,29.289,109.41991341991341,226.72727272727272,659.8755555555556,1.0,0,0,186617,110327,0.0,,0.0,0.0
s2_L3_D2_stereo_flow_r0,2,3,2,stereo,flow,0,0,22.1,450,232,0.5155555555555555,1.1187917543749923,0.7123445713082038,1,0,42.6,107.70689655172414,219.36637931034483,659.8844444444444,0.6676048751791909,14669,14422,171935,95922,0.9977777777777778,0.5042452992334399,0.07861031917858138,0.1307003552526644
